vendor,api_slug,class,reason,removed,readd_condition,evidence_source
clearbit.com,main,dead-product,Logo API self-announced discontinuation 2025-12-01; logo.clearbit.com unresolvable,2026-08-06,"Only if the vendor demonstrably relaunches a PUBLIC API program: cite live docs URL + successful unauthenticated probe of the docs, and record the revocation in this file and in the curation ledger.",bar-b-pilot-0.5
shrtlnk.dev,shrtlnk,dead-product,https://shrtlnk.dev/developer returns 404; domain repurposed to unrelated gambling site,2026-08-06,"Only if the vendor demonstrably relaunches a PUBLIC API program: cite live docs URL + successful unauthenticated probe of the docs, and record the revocation in this file and in the curation ledger.",recheck-tranche-14
apixu.com,main,dead-product,apixu.com 301-redirects to weatherstack.com; APIXU product retired/merged,2026-08-06,"Only if the vendor demonstrably relaunches a PUBLIC API program: cite live docs URL + successful unauthenticated probe of the docs, and record the revocation in this file and in the curation ledger.",recheck-tranche-02
basesnap.com,main,dead-product,"Domain parked/for-sale on GoDaddy; API host has no valid TLS cert, product dead",2026-08-06,"Only if the vendor demonstrably relaunches a PUBLIC API program: cite live docs URL + successful unauthenticated probe of the docs, and record the revocation in this file and in the curation ledger.",recheck-tranche-02
nutribot.com,nutribot-api,dead-product,domain redirects to domains.collinlove.com parking; SwaggerHub spec 404; nutribot.com redirects to domain reseller (domains.collinlove.com); referenced SwaggerHub ALTCONNECT/Nutrib,2026-08-06,"Only if the vendor demonstrably relaunches a PUBLIC API program: cite live docs URL + successful unauthenticated probe of the docs, and record the revocation in this file and in the curation ledger.",recheck-tranche-10
nutribot.io,main,dead-product,GoDaddy coming-soon placeholder; SwaggerHub spec 404; nutribot.io serves a GoDaddy 'Proximo lanzamiento' placeholder with no product; SwaggerHub spec 404 gone; dead,2026-08-06,"Only if the vendor demonstrably relaunches a PUBLIC API program: cite live docs URL + successful unauthenticated probe of the docs, and record the revocation in this file and in the curation ledger.",recheck-tranche-10
skool.com,main,dead-product,developers.skool.com NXDOMAIN and api.skoolapi.com parked/for-sale; no public API,2026-08-06,"Only if the vendor demonstrably relaunches a PUBLIC API program: cite live docs URL + successful unauthenticated probe of the docs, and record the revocation in this file and in the curation ledger.",recheck-tranche-14
uebermaps.com,uebermaps,dead-product,uebermaps.com/api/v2/apidocs and swagger.json return an HTML page titled service shutdown by 31th july 2023. Only a stale APIs.guru swagger 2.0 mirror remains.,2026-08-06,"Only if the vendor demonstrably relaunches a PUBLIC API program: cite live docs URL + successful unauthenticated probe of the docs, and record the revocation in this file and in the curation ledger.",recheck-tranche-16
userfront.com,main,dead-product,"api.userfront.com is NXDOMAIN, docs 404, company pivoted to AI product MultiModel (multimodel.com); original auth API discontinued",2026-08-06,"Only if the vendor demonstrably relaunches a PUBLIC API program: cite live docs URL + successful unauthenticated probe of the docs, and record the revocation in this file and in the curation ledger.",recheck-tranche-16
volusion.com,main,dead-product,api.volusion.com is NXDOMAIN and developer docs (helpcenter.volusion.com/developers) return 404; public developer API discontinued though ecommerce site is live,2026-08-06,"Only if the vendor demonstrably relaunches a PUBLIC API program: cite live docs URL + successful unauthenticated probe of the docs, and record the revocation in this file and in the curation ledger.",recheck-tranche-16
wikipathways.org,main,dead-product,"webservice.wikipathways.org now returns GitHub Pages 404 for swagger endpoint and all API paths, REST webservice decommissioned",2026-08-06,"Only if the vendor demonstrably relaunches a PUBLIC API program: cite live docs URL + successful unauthenticated probe of the docs, and record the revocation in this file and in the curation ledger.",recheck-tranche-16
accurai.com,main,dead-product,accurai.com serves a GoDaddy parking lander (LANDER_SYSTEM=PW) and api.accurai.com does not resolve in DNS,2026-08-06,"Only if the vendor demonstrably relaunches a PUBLIC API program: cite live docs URL + successful unauthenticated probe of the docs, and record the revocation in this file and in the curation ledger.",recheck-tranche-01
airgift.io,main,dead-product,airgift.io now serves a GoDaddy Website-Builder coming-soon placeholder (Proximo lanzamiento copyright 2025); docs.airgi,2026-08-06,"Only if the vendor demonstrably relaunches a PUBLIC API program: cite live docs URL + successful unauthenticated probe of the docs, and record the revocation in this file and in the curation ledger.",recheck-tranche-01
andromeda-intelligence.com,main,dead-product,server.andromeda-intelligence.com resolves to NXDOMAIN (DNS-dead); the live Wix marketing site makes no mention of Cynth,2026-08-06,"Only if the vendor demonstrably relaunches a PUBLIC API program: cite live docs URL + successful unauthenticated probe of the docs, and record the revocation in this file and in the curation ledger.",recheck-tranche-01
softbankrobotics.com,softbankrobotics,dead-product,developer portal redirects to maxtronics.com; company rebranded (Aldebaran then Maxtronics); no SoftBank API docs remain,2026-08-06,"Only if the vendor demonstrably relaunches a PUBLIC API program: cite live docs URL + successful unauthenticated probe of the docs, and record the revocation in this file and in the curation ledger.",recheck-tranche-14
rapidapi.com,ecowetter,dead-product,api.ecowetter.de and ecowetter.de fail DNS resolution; origin corrently.io/attachments/4 returns HTTP 500,2026-08-06,"Only if the vendor demonstrably relaunches a PUBLIC API program: cite live docs URL + successful unauthenticated probe of the docs, and record the revocation in this file and in the curation ledger.",recheck-tranche-12
supportivekoala.com,main,dead-product,domain now serves gambling site (QQEMAS Slot777); api. and developers. subdomains NXDOMAIN,2026-08-06,"Only if the vendor demonstrably relaunches a PUBLIC API program: cite live docs URL + successful unauthenticated probe of the docs, and record the revocation in this file and in the curation ledger.",recheck-tranche-15
replicate.so,main,dead-product,https://app.swaggerhub.com/apis-docs/KAWSARHOSSAIN20108_1/Integration/1.0.0,2026-08-06,"Only if the vendor demonstrably relaunches a PUBLIC API program: cite live docs URL + successful unauthenticated probe of the docs, and record the revocation in this file and in the curation ledger.",recheck-tranche-13
resmo.com,main,dead-product,https://docs.resmo.com/product/api,2026-08-06,"Only if the vendor demonstrably relaunches a PUBLIC API program: cite live docs URL + successful unauthenticated probe of the docs, and record the revocation in this file and in the curation ledger.",recheck-tranche-13
retine.io,main,dead-product,https://retine.io/dashboard,2026-08-06,"Only if the vendor demonstrably relaunches a PUBLIC API program: cite live docs URL + successful unauthenticated probe of the docs, and record the revocation in this file and in the curation ledger.",recheck-tranche-13
classdo.com,main,dead-product,ClassDo API host and developer portal both resolve NXDOMAIN and classdo.com now redirects to jobaddie.com; the GraphQL API appears discontinued.,2026-08-06,"Only if the vendor demonstrably relaunches a PUBLIC API program: cite live docs URL + successful unauthenticated probe of the docs, and record the revocation in this file and in the curation ledger.",recheck-tranche-04
clickmeter.com,clickmeter,dead-product,ClickMeter was absorbed into Rebrandly; clickmeter.com redirects to rebrandly.com; apiv2.clickmeter.com is NXDOMAIN and the support docs are gone.,2026-08-06,"Only if the vendor demonstrably relaunches a PUBLIC API program: cite live docs URL + successful unauthenticated probe of the docs, and record the revocation in this file and in the curation ledger.",recheck-tranche-04
code.gov,code-gov,dead-product,Product dead: no live API host or docs; service folded into digital.gov policy content.,2026-08-06,"Only if the vendor demonstrably relaunches a PUBLIC API program: cite live docs URL + successful unauthenticated probe of the docs, and record the revocation in this file and in the curation ledger.",recheck-tranche-04
cognitivefashion.github.io,ibm-ai-for-fashion-api,dead-product,Old IBM Research AI-for-Fashion demo API. The Slate docs page still renders on github.io but the API host api.cognitivefashion.com no longer resolves (NXDOMAIN),2026-08-06,"Only if the vendor demonstrably relaunches a PUBLIC API program: cite live docs URL + successful unauthenticated probe of the docs, and record the revocation in this file and in the curation ledger.",recheck-tranche-04
mobilepay.dk,main,dead-product,n/a,2026-08-06,"Only if the vendor demonstrably relaunches a PUBLIC API program: cite live docs URL + successful unauthenticated probe of the docs, and record the revocation in this file and in the curation ledger.",recheck-tranche-09
mobimag.com,main,dead-product,n/a,2026-08-06,"Only if the vendor demonstrably relaunches a PUBLIC API program: cite live docs URL + successful unauthenticated probe of the docs, and record the revocation in this file and in the curation ledger.",recheck-tranche-09
mojepanstwo.pl,main,dead-product,https://api.swaggerhub.com/apis/ad-m/epf/v3,2026-08-06,"Only if the vendor demonstrably relaunches a PUBLIC API program: cite live docs URL + successful unauthenticated probe of the docs, and record the revocation in this file and in the curation ledger.",recheck-tranche-09
myworkerai.com,main,dead-product,n/a,2026-08-06,"Only if the vendor demonstrably relaunches a PUBLIC API program: cite live docs URL + successful unauthenticated probe of the docs, and record the revocation in this file and in the curation ledger.",recheck-tranche-09
narrato.io,narrato-api,dead-product,n/a,2026-08-06,"Only if the vendor demonstrably relaunches a PUBLIC API program: cite live docs URL + successful unauthenticated probe of the docs, and record the revocation in this file and in the curation ledger.",recheck-tranche-09
needle.app,needle-api,dead-product,n/a,2026-08-06,"Only if the vendor demonstrably relaunches a PUBLIC API program: cite live docs URL + successful unauthenticated probe of the docs, and record the revocation in this file and in the curation ledger.",recheck-tranche-09
impala.travel,impala-hotel-booking-api,dead-product,Hotel booking API discontinued; company pivoted to managed business-travel savings. API hosts and docs subdomain no longer resolve.,2026-08-06,"Only if the vendor demonstrably relaunches a PUBLIC API program: cite live docs URL + successful unauthenticated probe of the docs, and record the revocation in this file and in the curation ledger.",recheck-tranche-08
impala.travel,impala-hotel-bookings,dead-product,Booking API docs subdomain dead; product discontinued.,2026-08-06,"Only if the vendor demonstrably relaunches a PUBLIC API program: cite live docs URL + successful unauthenticated probe of the docs, and record the revocation in this file and in the curation ledger.",recheck-tranche-08
bimbala.com,main,dead-product,Domain parked/for-sale on GoDaddy; API host dead. Our jentic-generated 4-path spec references a defunct API. Candidate for removal.,2026-08-06,"Only if the vendor demonstrably relaunches a PUBLIC API program: cite live docs URL + successful unauthenticated probe of the docs, and record the revocation in this file and in the curation ledger.",recheck-tranche-03
participate.com,main,dead-product,api.participate.com returns {error:not_found} for /api/docs and ALL paths incl root; only marketing site (WordPress/Gravity Forms) remains live at participate.com - API docs 404 wi,2026-08-06,"Only if the vendor demonstrably relaunches a PUBLIC API program: cite live docs URL + successful unauthenticated probe of the docs, and record the revocation in this file and in the curation ledger.",recheck-tranche-11
clarivate.com,main,remove-entry,entry misattributes Westlaw (a Thomson Reuters legal-research product) to Clarivate; no public Westlaw API documented; base_url api.clarivate.com is Clarivate's real gateway for We,2026-08-06,"Only if the vendor demonstrably relaunches a PUBLIC API program: cite live docs URL + successful unauthenticated probe of the docs, and record the revocation in this file and in the curation ledger.",barb-wave1
napster.com,main,dead-product,base host api.napster.com NXDOMAIN; napster.com repurposed to AI-agent platform; enrichment describes defunct music-catalogue API,2026-08-06,"Only if the vendor demonstrably relaunches a PUBLIC API program: cite live docs URL + successful unauthenticated probe of the docs, and record the revocation in this file and in the curation ledger.",barb-wave1
patientco.com,main,dead-product,web: acquired by Waystar 2021 ($450M+); patientco.com redirects to Waystar; standalone Patientco API discontinued; 2026-07-24,2026-08-06,"Only if the vendor demonstrably relaunches a PUBLIC API program: cite live docs URL + successful unauthenticated probe of the docs, and record the revocation in this file and in the curation ledger.",liveness-reprobe
cli.com,clico,dead-product,cli.com parked/for-sale on GoDaddy; base_url /api/v1 returns 404; no live Clico API at cli.com.,2026-08-06,"Only if the vendor demonstrably relaunches a PUBLIC API program: cite live docs URL + successful unauthenticated probe of the docs, and record the revocation in this file and in the curation ledger.",phase3-main-06
clickmeter.com,clickmeter-api,dead-product,clickmeter.com 301->rebrandly.com; apiv2/api hosts NXDOMAIN; product absorbed into Rebrandly; no official spec,2026-08-06,"Only if the vendor demonstrably relaunches a PUBLIC API program: cite live docs URL + successful unauthenticated probe of the docs, and record the revocation in this file and in the curation ledger.",phase3-main-06
coinlib.io,main,dead-product,"Coinlib API discontinued: /apidocs 200 until 2026-04-10, 404 since 2026-07-02, gone from sitemap; all /api/v1 endpoints return Next.js SPA 404 (not documented JSON); site rebuilt 2",2026-08-06,"Only if the vendor demonstrably relaunches a PUBLIC API program: cite live docs URL + successful unauthenticated probe of the docs, and record the revocation in this file and in the curation ledger.",phase3-main-06
pgamerx.com,main,dead-product,"api.pgamerx.com NXDOMAIN, pgamerx.com redirects off-domain to radiosagarmatha.org, successor rsa-api.xyz also NXDOMAIN; no live host or spec.",2026-08-06,"Only if the vendor demonstrably relaunches a PUBLIC API program: cite live docs URL + successful unauthenticated probe of the docs, and record the revocation in this file and in the curation ledger.",phase3-main-06
drive.google.com,Texta,dead-product,"The API our enrichment describes is discontinued. Our base_url api.texta.ai returns DNS NXDOMAIN (does not resolve). Our enrichment (spec_version 1.0.0, 2 endpoints: POST /content/",2026-08-06,"Only if the vendor demonstrably relaunches a PUBLIC API program: cite live docs URL + successful unauthenticated probe of the docs, and record the revocation in this file and in the curation ledger.",phase3-main-08
sonar.trading,sonar-trading-api,dead-product,"As of 2026-07-24, https://sonar.trading no longer hosts the currency-conversion API described in the enrichment. The domain now serves 'Sonar Finance', a prediction market on World",2026-08-06,"Only if the vendor demonstrably relaunches a PUBLIC API program: cite live docs URL + successful unauthenticated probe of the docs, and record the revocation in this file and in the curation ledger.",phase3-main-04
aiception.com,aiception-api,dead-product,"web: aiception.com serves 200 but pivoted to an AI-consultancy site (razvanpistolea/GitHub Razvy000), not the self-serve vision API; API base https://aiception.com/api/v2.1/adult_c",2026-08-06,"Only if the vendor demonstrably relaunches a PUBLIC API program: cite live docs URL + successful unauthenticated probe of the docs, and record the revocation in this file and in the curation ledger.",phase3-main-03
aiception.com,aiception.com,dead-product,"web: aiception.com root 200 but now an AI consultancy portfolio (""Artificial Intelligence for Humankind""), no self-serve API/docs/pricing; AIception referenced only as a past AI-as",2026-08-06,"Only if the vendor demonstrably relaunches a PUBLIC API program: cite live docs URL + successful unauthenticated probe of the docs, and record the revocation in this file and in the curation ledger.",phase3-main-03
bing.com,main,dead-product,"web: Microsoft Learn (learn.microsoft.com/en-us/bing/search-apis/) redirects to /previous-versions/ with is_retired:true, is_archived:true, updated_at 2025-08-11; page headline ""Pu",2026-08-06,"Only if the vendor demonstrably relaunches a PUBLIC API program: cite live docs URL + successful unauthenticated probe of the docs, and record the revocation in this file and in the curation ledger.",phase3-main-03
icy.tools,main,dead-product,"web: icy.tools officially shut down ~2024-01-09, acquired by QuickNode; developers.icy.tools 301->quicknode.com and docs.icy.tools 301->quicknode.com/docs; API origin graphql.icy.t",2026-08-06,"Only if the vendor demonstrably relaunches a PUBLIC API program: cite live docs URL + successful unauthenticated probe of the docs, and record the revocation in this file and in the curation ledger.",phase3-main-03
databasus.com,main,dead-product,"web: cataloged base host api.databasus.com = NXDOMAIN (dead DNS); databasus.com is live (GitHub Pages, HTTP 200, last-modified 2026-06-23) but is an unrelated open-source PostgreSQ",2026-08-06,"Only if the vendor demonstrably relaunches a PUBLIC API program: cite live docs URL + successful unauthenticated probe of the docs, and record the revocation in this file and in the curation ledger.",phase3-main-03
hotstoks.com,main,dead-product,"Checked 2026-07-25. The catalogued API base host api.hotstoks.com does not resolve: NXDOMAIN (Status 3, no A record) confirmed on two independent public DoH resolvers (Cloudflare 1",2026-08-06,"Only if the vendor demonstrably relaunches a PUBLIC API program: cite live docs URL + successful unauthenticated probe of the docs, and record the revocation in this file and in the curation ledger.",phase3-main-04
nypl.org,main,dead-product,"https://www.nypl.org/research/support/whats-on-the-menu (Wayback snapshot 2026-07-24) | NYPL official support page states: ""In January 2025, The New York Public Library's What's on",2026-08-06,"Only if the vendor demonstrably relaunches a PUBLIC API program: cite live docs URL + successful unauthenticated probe of the docs, and record the revocation in this file and in the curation ledger.",phase3-main-05
abgl.link,main,dead-product,No official spec search could even begin because the API does not exist. Liveness evidence: the enrichment base_url https://api.abgl.link returns NXDOMAIN (does not resolve; confir,2026-08-06,"Only if the vendor demonstrably relaunches a PUBLIC API program: cite live docs URL + successful unauthenticated probe of the docs, and record the revocation in this file and in the curation ledger.",phase3-main-07
cloudbees.com,codeship-api,dead-product,"Product dead / end-of-life. CloudBees end-of-life page (docs.cloudbees.com/docs/cloudbees-common/latest/cloudbees-codeship-eol/, fetched 2026-07-25) states verbatim: ""As of January",2026-08-06,"Only if the vendor demonstrably relaunches a PUBLIC API program: cite live docs URL + successful unauthenticated probe of the docs, and record the revocation in this file and in the curation ledger.",phase3-main-05
amdoren.com,main,dead-product,"amdoren.com no longer hosts the Amdoren Currency API. The apex and www domain now serve a Korean sports streaming service branded ""HUB TV"" / 허브TV (headings ""Beyond The SPORTS ACTIO",2026-08-06,"Only if the vendor demonstrably relaunches a PUBLIC API program: cite live docs URL + successful unauthenticated probe of the docs, and record the revocation in this file and in the curation ledger.",phase3-main-09
cryptomkt.com,main,dead-product,API host api.exchange.cryptomkt.com NXDOMAIN on both 8.8.8.8 and 1.1.1.1; catalogued base_url https://api.exchange.cryptomkt.com/api/3 unreachable (HTTP 000). developers.cryptomkt.,2026-08-06,"Only if the vendor demonstrably relaunches a PUBLIC API program: cite live docs URL + successful unauthenticated probe of the docs, and record the revocation in this file and in the curation ledger.",phase3-main-02
carbondoomsday.com,carbondoomsday-api,dead-product,"Product is dead, so no official spec search could succeed. The API host api.carbondoomsday.com — which is both the enrichment base_url (https://api.carbondoomsday.com/api) and the ",2026-08-06,"Only if the vendor demonstrably relaunches a PUBLIC API program: cite live docs URL + successful unauthenticated probe of the docs, and record the revocation in this file and in the curation ledger.",phase3-main-07
jirafe.com,jirafe-events,dead-product,"jirafe.com 307-redirects to afternic.com/forsale/jirafe.com (domain for sale); event.jirafe.com TLS unrecognized name, no API response; 2026-07-27",2026-08-06,"Only if the vendor demonstrably relaunches a PUBLIC API program: cite live docs URL + successful unauthenticated probe of the docs, and record the revocation in this file and in the curation ledger.",t3-checks-03
o2.cz,mobility-api,dead-product,"Host developer.o2.cz no longer resolves in DNS (curl exit 6; dig and nslookup via 8.8.8.8 return no A record, probed 2026-07-27). The claimed base URL https://developer.o2.cz/mobil",2026-08-06,"Only if the vendor demonstrably relaunches a PUBLIC API program: cite live docs URL + successful unauthenticated probe of the docs, and record the revocation in this file and in the curation ledger.",t3-checks-07
o2.cz,mobility,dead-product,"O2 Liberty API portal host developer.o2.cz has been removed from DNS: A/AAAA queries to 8.8.8.8, 1.1.1.1, and the authoritative nameserver dns.iol.cz return NOERROR with zero answe",2026-08-06,"Only if the vendor demonstrably relaunches a PUBLIC API program: cite live docs URL + successful unauthenticated probe of the docs, and record the revocation in this file and in the curation ledger.",t3-checks-07
o2.cz,socio-demo-api,dead-product,"Host developer.o2.cz has no DNS record: authoritative nameserver dns.iol.cz returns NOERROR with no A, AAAA, or CNAME, confirmed via 8.8.8.8 and 1.1.1.1, and curl fails with could ",2026-08-06,"Only if the vendor demonstrably relaunches a PUBLIC API program: cite live docs URL + successful unauthenticated probe of the docs, and record the revocation in this file and in the curation ledger.",t3-checks-07
o2.cz,sociodemo,dead-product,"O2 Czech Republic Liberty API pilot is gone: developer.o2.cz (the only host serving the sociodemo API and its docs) returns DNS NXDOMAIN as of 2026-07-27. Probed developer.o2.cz, a",2026-08-06,"Only if the vendor demonstrably relaunches a PUBLIC API program: cite live docs URL + successful unauthenticated probe of the docs, and record the revocation in this file and in the curation ledger.",t3-checks-07
relysia.com,relysia,dead-product,API host api.relysia.com no longer resolves in DNS (CNAME to fastfy-elb-1192827268.eu-west-2.elb.amazonaws.com which returns no A record on local resolver and 8.8.8.8); the enterpr,2026-08-06,"Only if the vendor demonstrably relaunches a PUBLIC API program: cite live docs URL + successful unauthenticated probe of the docs, and record the revocation in this file and in the curation ledger.",t3-checks-07
ritc.io,main,dead-product,"Ritc (Rules in the Cloud) is dead. api.ritc.io is NXDOMAIN (curl timeout, DNS: Host api.ritc.io not found: 3(NXDOMAIN)). The apex ritc.io and the original spec URL http://www.ritc.",2026-08-06,"Only if the vendor demonstrably relaunches a PUBLIC API program: cite live docs URL + successful unauthenticated probe of the docs, and record the revocation in this file and in the curation ledger.",t3-checks-07
qawafil.com,Qawafil,dead-product,"Vendor domain qawafil.com is parked and for sale via Saw.com brokerage (page title Qawafil.com - For Sale, listed at 12000 USD); Wayback shows it parked since at least 2023 via Dan",2026-08-06,"Only if the vendor demonstrably relaunches a PUBLIC API program: cite live docs URL + successful unauthenticated probe of the docs, and record the revocation in this file and in the curation ledger.",t3-checks-07
ritc.io,ritc,dead-product,Ritc (Rules in the Cloud) is dead. api.ritc.io has no DNS record (curl: could not resolve host). www.ritc.io and the original spec URL http://www.ritc.io/openapi/ritc.swagger.json ,2026-08-06,"Only if the vendor demonstrably relaunches a PUBLIC API program: cite live docs URL + successful unauthenticated probe of the docs, and record the revocation in this file and in the curation ledger.",t3-checks-07
getpocket.com,main,dead-product,"getpocket.com homepage carries a product-discontinuation notice: ""we've made the difficult decision to phase out Pocket - our read-it-later and content discovery app"" and ""While Po",2026-08-06,"Only if the vendor demonstrably relaunches a PUBLIC API program: cite live docs URL + successful unauthenticated probe of the docs, and record the revocation in this file and in the curation ledger.",phase3-main-13
openfintech.io,main,dead-product,openfintech.io 301-redirects to payatlas.com (unrelated payment directory); api.openfintech.io + docs.openfintech.io ENOTFOUND; identity flip; matches sibling openfintech.io/openfi,2026-08-06,"Only if the vendor demonstrably relaunches a PUBLIC API program: cite live docs URL + successful unauthenticated probe of the docs, and record the revocation in this file and in the curation ledger.",t3-checks-02
openlinksw.com,osdb,dead-product,Host osdb.openlinksw.com resolves (CNAME to EC2 ec2-50-19-82-10) but refuses TCP on 443/80; no OSDB REST docs anywhere on vendor domain or official GitHub; main site live but produ,2026-08-06,"Only if the vendor demonstrably relaunches a PUBLIC API program: cite live docs URL + successful unauthenticated probe of the docs, and record the revocation in this file and in the curation ledger.",t3-checks-02
openlinksw.com,osdb-rest-api-v1,dead-product,Host osdb.openlinksw.com resolves to EC2 50.19.82.10 but refuses TCP on 443; no OSDB REST docs anywhere on vendor domain or official GitHub; matches sibling openlinksw.com/osdb,2026-08-06,"Only if the vendor demonstrably relaunches a PUBLIC API program: cite live docs URL + successful unauthenticated probe of the docs, and record the revocation in this file and in the curation ledger.",t3-checks-02
whapi.com,bets-api,dead-product,same as bets (duplicate slug); program parked,2026-08-06,"Only if the vendor demonstrably relaunches a PUBLIC API program: cite live docs URL + successful unauthenticated probe of the docs, and record the revocation in this file and in the curation ledger.",t3-checks-01
carbondoomsday.com,carbondoomsday,dead-product,"API host api.carbondoomsday.com no longer resolves in DNS (curl could not resolve host, probed 2026-07-27). Root domain carbondoomsday.com serves only a generic under-construction ",2026-08-06,"Only if the vendor demonstrably relaunches a PUBLIC API program: cite live docs URL + successful unauthenticated probe of the docs, and record the revocation in this file and in the curation ledger.",t3-checks-07
getsandbox.com,main,dead-product,"getsandbox.com serves a Spaceship.com parking page titled ""GetSandbox.com for sale | Spaceship.com"" and https://getsandbox.com/api/ returns an empty reply (curl exit 52)",2026-08-06,"Only if the vendor demonstrably relaunches a PUBLIC API program: cite live docs URL + successful unauthenticated probe of the docs, and record the revocation in this file and in the curation ledger.",t3-checks-05
contentgroove.com,main,dead-product,api.contentgroove.com and developers.contentgroove.com fail DNS (2026-07-27); app.contentgroove.com 301s to unrelated windowsrva.com; apex serves default aaPanel placeholder; Wayba,2026-08-06,"Only if the vendor demonstrably relaunches a PUBLIC API program: cite live docs URL + successful unauthenticated probe of the docs, and record the revocation in this file and in the curation ledger.",phase3-main-11
amazonaws.com,alexaforbusiness,dead-product,"removed from botocore develop (404); present in botocore 1.29.0 tag, endpointPrefix a4b, apiVersion 2017-11-09, 5/5 sampled ops present; Alexa for Business publicly discontinued by",2026-08-06,"Only if the vendor demonstrably relaunches a PUBLIC API program: cite live docs URL + successful unauthenticated probe of the docs, and record the revocation in this file and in the curation ledger.",p4-aws-relabel
amazonaws.com,codestar,dead-product,"removed from botocore develop (404); present in botocore 1.29.0 tag, endpointPrefix codestar, apiVersion 2017-04-19, 5/5 sampled ops present; AWS CodeStar discontinued 2024-07-31 |",2026-08-06,"Only if the vendor demonstrably relaunches a PUBLIC API program: cite live docs URL + successful unauthenticated probe of the docs, and record the revocation in this file and in the curation ledger.",p4-aws-relabel
amazonaws.com,iot1click-devices,dead-product,"AWS IoT 1-Click discontinued by AWS (EOL announced 2024); removed from botocore develop; historical botocore 1.29.0 model: endpointPrefix devices.iot1click, apiVersion 2018-05-14, ",2026-08-06,"Only if the vendor demonstrably relaunches a PUBLIC API program: cite live docs URL + successful unauthenticated probe of the docs, and record the revocation in this file and in the curation ledger.",p4-aws-relabel
amazonaws.com,iot1click-projects,dead-product,"removed from botocore develop (404); present at tag 1.29.0 with endpointPrefix projects.iot1click, apiVersion 2018-05-14, 16/16 ops match; AWS IoT 1-Click discontinued by AWS | sou",2026-08-06,"Only if the vendor demonstrably relaunches a PUBLIC API program: cite live docs URL + successful unauthenticated probe of the docs, and record the revocation in this file and in the curation ledger.",p4-aws-relabel
amazonaws.com,iotevents,dead-product,"removed from botocore develop (404); present at tag 1.29.0 with endpointPrefix iotevents, apiVersion 2018-07-27, 26/26 ops present; AWS announced IoT Events end of support (closed ",2026-08-06,"Only if the vendor demonstrably relaunches a PUBLIC API program: cite live docs URL + successful unauthenticated probe of the docs, and record the revocation in this file and in the curation ledger.",p4-aws-relabel
amazonaws.com,lookoutmetrics,dead-product,"removed from botocore develop (404); present at tag 1.29.0 with endpointPrefix lookoutmetrics, apiVersion 2017-07-25, 30/30 ops match; Amazon Lookout for Metrics end of support ann",2026-08-06,"Only if the vendor demonstrably relaunches a PUBLIC API program: cite live docs URL + successful unauthenticated probe of the docs, and record the revocation in this file and in the curation ledger.",p4-aws-relabel
amazonaws.com,mobile,dead-product,AWS Mobile (Mobile Hub) discontinued; removed from current botocore develop and aws-sdk-js-v3 (both 404); aws.amazon.com/mobile/mobile-hub 404; historical botocore 1.29.0 model mat,2026-08-06,"Only if the vendor demonstrably relaunches a PUBLIC API program: cite live docs URL + successful unauthenticated probe of the docs, and record the revocation in this file and in the curation ledger.",p4-aws-relabel
amazonaws.com,mobileanalytics,dead-product,"Amazon Mobile Analytics discontinued (replaced by Pinpoint); removed from botocore (never restorable via 1.29.0 tag, 404); authoritative model verified in aws-sdk-js v2 mirror: end",2026-08-06,"Only if the vendor demonstrably relaunches a PUBLIC API program: cite live docs URL + successful unauthenticated probe of the docs, and record the revocation in this file and in the curation ledger.",p4-aws-relabel
amazonaws.com,nimble,dead-product,"Amazon Nimble Studio discontinued (EOL Nov 1 2024); removed from botocore develop; historical botocore 1.29.0 model: endpointPrefix nimble, apiVersion 2020-08-01, 4/5 sampled ops p",2026-08-06,"Only if the vendor demonstrably relaunches a PUBLIC API program: cite live docs URL + successful unauthenticated probe of the docs, and record the revocation in this file and in the curation ledger.",p4-aws-relabel
amazonaws.com,opsworks,dead-product,"removed from botocore develop (404); present at tag 1.29.0 with endpointPrefix opsworks, apiVersion 2013-02-18, 74/74 ops match; AWS OpsWorks Stacks reached end of life May 2024 | ",2026-08-06,"Only if the vendor demonstrably relaunches a PUBLIC API program: cite live docs URL + successful unauthenticated probe of the docs, and record the revocation in this file and in the curation ledger.",p4-aws-relabel
amazonaws.com,opsworkscm,dead-product,"removed from botocore develop (404); present at tag 1.29.0 with endpointPrefix opsworks-cm, apiVersion 2016-11-01, 19/19 ops present; AWS OpsWorks (incl. Chef Automate and Puppet E",2026-08-06,"Only if the vendor demonstrably relaunches a PUBLIC API program: cite live docs URL + successful unauthenticated probe of the docs, and record the revocation in this file and in the curation ledger.",p4-aws-relabel
amazonaws.com,qldb-session,dead-product,"removed from botocore develop (404); present at tag 1.29.0 with endpointPrefix session.qldb, apiVersion 2019-07-11, 1/1 op (SendCommand) present; Amazon QLDB end of support July 20",2026-08-06,"Only if the vendor demonstrably relaunches a PUBLIC API program: cite live docs URL + successful unauthenticated probe of the docs, and record the revocation in this file and in the curation ledger.",p4-aws-relabel
amazonaws.com,robomaker,dead-product,removed from botocore develop by PR #3583 merged 2025-10-28 (service client removals: qldb robomaker lookoutmetrics etc); historical tag 1.34.100 model matches: endpointPrefix robo,2026-08-06,"Only if the vendor demonstrably relaunches a PUBLIC API program: cite live docs URL + successful unauthenticated probe of the docs, and record the revocation in this file and in the curation ledger.",p4-aws-relabel
amazonaws.com,waf,dead-product,"AWS WAF Classic docs carry warning: going through a planned end-of-life process, milestones per-Region via Health dashboard; model still in botocore develop and verified: endpointP",2026-08-06,"Only if the vendor demonstrably relaunches a PUBLIC API program: cite live docs URL + successful unauthenticated probe of the docs, and record the revocation in this file and in the curation ledger.",p4-aws-relabel
amazonaws.com,worklink,dead-product,Amazon WorkLink discontinued (EOL announced; product page now redirects to WorkSpaces Secure Browser); removed from current botocore develop and aws-sdk-js-v3 (both 404); historica,2026-08-06,"Only if the vendor demonstrably relaunches a PUBLIC API program: cite live docs URL + successful unauthenticated probe of the docs, and record the revocation in this file and in the curation ledger.",p4-aws-relabel
crowd.dev,crowd-dev-api,dead-product,Hosted product discontinued: acquired by Linux Foundation April 2024 and renamed LFX Community Data Platform (per official README at github.com/linuxfoundation/crowd.dev); our base,2026-08-06,"Only if the vendor demonstrably relaunches a PUBLIC API program: cite live docs URL + successful unauthenticated probe of the docs, and record the revocation in this file and in the curation ledger.",phase3-main-11
cruisen.com,main,dead-product,cruisen.com serves a GoDaddy parking lander; spec base https://cruisen-production.web.app 404s at root and on all 7 documented endpoints; Wayback shows live product 2025-07-14 but ,2026-08-06,"Only if the vendor demonstrably relaunches a PUBLIC API program: cite live docs URL + successful unauthenticated probe of the docs, and record the revocation in this file and in the curation ledger.",phase3-main-11
exavault.com,main,dead-product,ExaVault Cloud sunset after Files.com acquisition; API docs 404; API host now serves files.com,2026-08-06,"Only if the vendor demonstrably relaunches a PUBLIC API program: cite live docs URL + successful unauthenticated probe of the docs, and record the revocation in this file and in the curation ledger.",t3-checks-09
greenpeace.org,main,dead-product,greenwire.greenpeace.org NXDOMAIN (curl exit 6); vendor Greenwire page 404; no Greenwire mention on current greenpeace.org/international; last wayback captures Jan-2022 redirects; ,2026-08-06,"Only if the vendor demonstrably relaunches a PUBLIC API program: cite live docs URL + successful unauthenticated probe of the docs, and record the revocation in this file and in the curation ledger.",t3-checks-09
groove.cm,main,dead-product,vendor announced sunset: groove.cm homepage says Groove is becoming Scale.gg and new enrollment is closed; scale.gg/sunset-groove (2026-07-21) targets full sunset by 2027-12-31; no,2026-08-06,"Only if the vendor demonstrably relaunches a PUBLIC API program: cite live docs URL + successful unauthenticated probe of the docs, and record the revocation in this file and in the curation ledger.",t3-checks-09
ijenko.net,main,dead-product,ioe2api.ijenko.net NXDOMAIN (curl exit 6; no A record); apex ijenko.net 301-redirects to astucestechnologiques.com an unrelated French tech-tips blog; no vendor docs remain; enrich,2026-08-06,"Only if the vendor demonstrably relaunches a PUBLIC API program: cite live docs URL + successful unauthenticated probe of the docs, and record the revocation in this file and in the curation ledger.",t3-checks-09
instagram.com,main,dead-product,Legacy Instagram API Platform disabled 2020-06-29 per Meta dev blog; successor Basic Display API shut down 2024-12-04 (all requests fail); live probe of api.instagram.com/v1/users/,2026-08-06,"Only if the vendor demonstrably relaunches a PUBLIC API program: cite live docs URL + successful unauthenticated probe of the docs, and record the revocation in this file and in the curation ledger.",t3-checks-09
1password.local,connect,junk-or-private,junk-confirmed (junk-recheck-w2 2026-08-05): local-host,2026-08-06,"Only if the vendor demonstrably relaunches a PUBLIC API program: cite live docs URL + successful unauthenticated probe of the docs, and record the revocation in this file and in the curation ledger.",junk-recheck-w2
6-dot-authentiqio.appspot.com,main,junk-or-private,junk-confirmed (junk-recheck-w2 2026-08-05): appspot-demo,2026-08-06,"Only if the vendor demonstrably relaunches a PUBLIC API program: cite live docs URL + successful unauthenticated probe of the docs, and record the revocation in this file and in the curation ledger.",junk-recheck-w2
airport-web.appspot.com,main,junk-or-private,junk-confirmed (junk-recheck-w2 2026-08-05): appspot-demo,2026-08-06,"Only if the vendor demonstrably relaunches a PUBLIC API program: cite live docs URL + successful unauthenticated probe of the docs, and record the revocation in this file and in the curation ledger.",junk-recheck-w2
apicurio.local,registry,junk-or-private,junk-confirmed (junk-recheck-w2 2026-08-05): local-host,2026-08-06,"Only if the vendor demonstrably relaunches a PUBLIC API program: cite live docs URL + successful unauthenticated probe of the docs, and record the revocation in this file and in the curation ledger.",junk-recheck-w2
apigee.local,registry,junk-or-private,junk-confirmed (junk-recheck-w2 2026-08-05): local-host,2026-08-06,"Only if the vendor demonstrably relaunches a PUBLIC API program: cite live docs URL + successful unauthenticated probe of the docs, and record the revocation in this file and in the curation ledger.",junk-recheck-w2
bbci.co.uk,main,junk-or-private,"private-confirmed (junk-recheck-w2 2026-08-05): BBC asset/internal domain; BBC APIs (Nitro) are partner-only, no public program",2026-08-06,"Only if the vendor demonstrably relaunches a PUBLIC API program: cite live docs URL + successful unauthenticated probe of the docs, and record the revocation in this file and in the curation ledger.",junk-recheck-w2
c19qrserver.local,main,junk-or-private,junk-confirmed (junk-recheck-w2 2026-08-05): local-host,2026-08-06,"Only if the vendor demonstrably relaunches a PUBLIC API program: cite live docs URL + successful unauthenticated probe of the docs, and record the revocation in this file and in the curation ledger.",junk-recheck-w2
chain49.com,main,junk-or-private,"junk-confirmed (junk-recheck-w2 2026-08-05): defunct-domain, sold/parked (redirects to hartmann-it.de)",2026-08-06,"Only if the vendor demonstrably relaunches a PUBLIC API program: cite live docs URL + successful unauthenticated probe of the docs, and record the revocation in this file and in the curation ledger.",junk-recheck-w2
change.local,main,junk-or-private,junk-confirmed (junk-recheck-w2 2026-08-05): local-host,2026-08-06,"Only if the vendor demonstrably relaunches a PUBLIC API program: cite live docs URL + successful unauthenticated probe of the docs, and record the revocation in this file and in the curation ledger.",junk-recheck-w2
clubhouseapi.com,main,junk-or-private,"private-confirmed (junk-recheck-w2 2026-08-05): internal app/asset domain, no public developer API",2026-08-06,"Only if the vendor demonstrably relaunches a PUBLIC API program: cite live docs URL + successful unauthenticated probe of the docs, and record the revocation in this file and in the curation ledger.",junk-recheck-w2
cnab-online.herokuapp.com,main,junk-or-private,junk-confirmed (junk-recheck-w2 2026-08-05): herokuapp-demo,2026-08-06,"Only if the vendor demonstrably relaunches a PUBLIC API program: cite live docs URL + successful unauthenticated probe of the docs, and record the revocation in this file and in the curation ledger.",junk-recheck-w2
dacid99.gitlab.io,main,junk-or-private,junk-confirmed (junk-recheck-w2 2026-08-05): gitlab-io-demo,2026-08-06,"Only if the vendor demonstrably relaunches a PUBLIC API program: cite live docs URL + successful unauthenticated probe of the docs, and record the revocation in this file and in the curation ledger.",junk-recheck-w2
dalil-ai.supabase.co,main,junk-or-private,junk-confirmed (junk-recheck-w2 2026-08-05): supabase-demo,2026-08-06,"Only if the vendor demonstrably relaunches a PUBLIC API program: cite live docs URL + successful unauthenticated probe of the docs, and record the revocation in this file and in the curation ledger.",junk-recheck-w2
datasette.local,main,junk-or-private,junk-confirmed (junk-recheck-w2 2026-08-05): local-host,2026-08-06,"Only if the vendor demonstrably relaunches a PUBLIC API program: cite live docs URL + successful unauthenticated probe of the docs, and record the revocation in this file and in the curation ledger.",junk-recheck-w2
dg1.dev,main,junk-or-private,"private-confirmed (junk-recheck-w2 2026-08-05): internal/dev subdomain of DG1 ecommerce SaaS, no public developer API",2026-08-06,"Only if the vendor demonstrably relaunches a PUBLIC API program: cite live docs URL + successful unauthenticated probe of the docs, and record the revocation in this file and in the curation ledger.",junk-recheck-w2
discourse.local,main,junk-or-private,junk-confirmed (junk-recheck-w2 2026-08-05): local-host,2026-08-06,"Only if the vendor demonstrably relaunches a PUBLIC API program: cite live docs URL + successful unauthenticated probe of the docs, and record the revocation in this file and in the curation ledger.",junk-recheck-w2
etsi.local,MEC010-2_AppPkgMgmt,junk-or-private,junk-confirmed (junk-recheck-w2 2026-08-05): local-host,2026-08-06,"Only if the vendor demonstrably relaunches a PUBLIC API program: cite live docs URL + successful unauthenticated probe of the docs, and record the revocation in this file and in the curation ledger.",junk-recheck-w2
gambitcomm.local,mimic,junk-or-private,junk-confirmed (junk-recheck-w2 2026-08-05): local-host,2026-08-06,"Only if the vendor demonstrably relaunches a PUBLIC API program: cite live docs URL + successful unauthenticated probe of the docs, and record the revocation in this file and in the curation ledger.",junk-recheck-w2
integracionplanok.io,main,junk-or-private,"private-confirmed (junk-recheck-w2 2026-08-05): partner/integration API for PlanOK real-estate SaaS; host unresolved, not a public program",2026-08-06,"Only if the vendor demonstrably relaunches a PUBLIC API program: cite live docs URL + successful unauthenticated probe of the docs, and record the revocation in this file and in the curation ledger.",junk-recheck-w2
iqualify.com,main,junk-or-private,"private-confirmed (junk-recheck-w2 2026-08-05): iQualify LMS - institutional/partner API; product folded into Open Polytechnic, no public program",2026-08-06,"Only if the vendor demonstrably relaunches a PUBLIC API program: cite live docs URL + successful unauthenticated probe of the docs, and record the revocation in this file and in the curation ledger.",junk-recheck-w2
javatpoint.com,main,junk-or-private,"junk-confirmed (junk-recheck-w2 2026-08-05): tutorial-site-no-api (javatpoint is a tutorials website, not an API vendor)",2026-08-06,"Only if the vendor demonstrably relaunches a PUBLIC API program: cite live docs URL + successful unauthenticated probe of the docs, and record the revocation in this file and in the curation ledger.",junk-recheck-w2
jellyfin.local,main,junk-or-private,junk-confirmed (junk-recheck-w2 2026-08-05): local-host,2026-08-06,"Only if the vendor demonstrably relaunches a PUBLIC API program: cite live docs URL + successful unauthenticated probe of the docs, and record the revocation in this file and in the curation ledger.",junk-recheck-w2
keycloak.local,main,junk-or-private,junk-confirmed (junk-recheck-w2 2026-08-05): local-host,2026-08-06,"Only if the vendor demonstrably relaunches a PUBLIC API program: cite live docs URL + successful unauthenticated probe of the docs, and record the revocation in this file and in the curation ledger.",junk-recheck-w2
lgtm.com,lgtm-api-specification,junk-or-private,"junk-confirmed (junk-recheck-w2 2026-08-05): service-shutdown-2022 (LGTM.com decommissioned Dec 2022, folded into GitHub code scanning)",2026-08-06,"Only if the vendor demonstrably relaunches a PUBLIC API program: cite live docs URL + successful unauthenticated probe of the docs, and record the revocation in this file and in the curation ledger.",junk-recheck-w2
lgtm.com,main,junk-or-private,junk-confirmed (junk-recheck-w2 2026-08-05): service-shutdown-2022 (LGTM.com decommissioned Dec 2022),2026-08-06,"Only if the vendor demonstrably relaunches a PUBLIC API program: cite live docs URL + successful unauthenticated probe of the docs, and record the revocation in this file and in the curation ledger.",junk-recheck-w2
lula.com,gail,junk-or-private,private-confirmed (junk-recheck-w2 2026-08-05): Lula rebranded to Gail (meetgail.com) conversational AI for finance; no public developer API,2026-08-06,"Only if the vendor demonstrably relaunches a PUBLIC API program: cite live docs URL + successful unauthenticated probe of the docs, and record the revocation in this file and in the curation ledger.",junk-recheck-w2
lula.com,gail-api,junk-or-private,"private-confirmed (junk-recheck-w2 2026-08-05): Lula redirects to Gail (meetgail.com), AI for financial services; no public developer API",2026-08-06,"Only if the vendor demonstrably relaunches a PUBLIC API program: cite live docs URL + successful unauthenticated probe of the docs, and record the revocation in this file and in the curation ledger.",junk-recheck-w2
maif.local,otoroshi,junk-or-private,junk-confirmed (junk-recheck-w2 2026-08-05): internal-host,2026-08-06,"Only if the vendor demonstrably relaunches a PUBLIC API program: cite live docs URL + successful unauthenticated probe of the docs, and record the revocation in this file and in the curation ledger.",junk-recheck-w2
mbus.local,main,junk-or-private,junk-confirmed (junk-recheck-w2 2026-08-05): internal-host,2026-08-06,"Only if the vendor demonstrably relaunches a PUBLIC API program: cite live docs URL + successful unauthenticated probe of the docs, and record the revocation in this file and in the curation ledger.",junk-recheck-w2
microcks.local,main,junk-or-private,junk-confirmed (junk-recheck-w2 2026-08-05): internal-host,2026-08-06,"Only if the vendor demonstrably relaunches a PUBLIC API program: cite live docs URL + successful unauthenticated probe of the docs, and record the revocation in this file and in the curation ledger.",junk-recheck-w2
mtaa-api.herokuapp.com,main,junk-or-private,junk-confirmed (junk-recheck-w2 2026-08-05): heroku-demo,2026-08-06,"Only if the vendor demonstrably relaunches a PUBLIC API program: cite live docs URL + successful unauthenticated probe of the docs, and record the revocation in this file and in the curation ledger.",junk-recheck-w2
offerlab.com,offerlab-api,junk-or-private,"private-confirmed (junk-recheck-w2 2026-08-05): OfferLab collab-commerce platform; no-code only, no public developer API",2026-08-06,"Only if the vendor demonstrably relaunches a PUBLIC API program: cite live docs URL + successful unauthenticated probe of the docs, and record the revocation in this file and in the curation ledger.",junk-recheck-w2
opentrials.local,main,junk-or-private,junk-confirmed (junk-recheck-w2 2026-08-05): internal-host,2026-08-06,"Only if the vendor demonstrably relaunches a PUBLIC API program: cite live docs URL + successful unauthenticated probe of the docs, and record the revocation in this file and in the curation ledger.",junk-recheck-w2
patrowl.local,main,junk-or-private,junk-confirmed (junk-recheck-w2 2026-08-05): internal-host,2026-08-06,"Only if the vendor demonstrably relaunches a PUBLIC API program: cite live docs URL + successful unauthenticated probe of the docs, and record the revocation in this file and in the curation ledger.",junk-recheck-w2
portal.1naturalway.com,main,junk-or-private,"private-confirmed (junk-recheck-w2 2026-08-05): 1 Natural Way consumer breast-pump site; portal subdomain, no public API",2026-08-06,"Only if the vendor demonstrably relaunches a PUBLIC API program: cite live docs URL + successful unauthenticated probe of the docs, and record the revocation in this file and in the curation ledger.",junk-recheck-w2
powerdns.local,main,junk-or-private,junk-confirmed (junk-recheck-w2 2026-08-05): internal-host,2026-08-06,"Only if the vendor demonstrably relaunches a PUBLIC API program: cite live docs URL + successful unauthenticated probe of the docs, and record the revocation in this file and in the curation ledger.",junk-recheck-w2
redhat.local,patchman-engine,junk-or-private,junk-confirmed (junk-recheck-w2 2026-08-05): internal-host,2026-08-06,"Only if the vendor demonstrably relaunches a PUBLIC API program: cite live docs URL + successful unauthenticated probe of the docs, and record the revocation in this file and in the curation ledger.",junk-recheck-w2
redhat.local,patchman-engine-api,junk-or-private,junk-confirmed (junk-recheck-w2 2026-08-05): internal-host,2026-08-06,"Only if the vendor demonstrably relaunches a PUBLIC API program: cite live docs URL + successful unauthenticated probe of the docs, and record the revocation in this file and in the curation ledger.",junk-recheck-w2
restful4up.local,main,junk-or-private,junk-confirmed (junk-recheck-w2 2026-08-05): internal-host,2026-08-06,"Only if the vendor demonstrably relaunches a PUBLIC API program: cite live docs URL + successful unauthenticated probe of the docs, and record the revocation in this file and in the curation ledger.",junk-recheck-w2
rudder.example.local,main,junk-or-private,junk-confirmed (junk-recheck-w2 2026-08-05): example-placeholder,2026-08-06,"Only if the vendor demonstrably relaunches a PUBLIC API program: cite live docs URL + successful unauthenticated probe of the docs, and record the revocation in this file and in the curation ledger.",junk-recheck-w2
sandbox-dbs.larciergroup.com,main,junk-or-private,private-confirmed (junk-recheck-w2 2026-08-05): Larcier (legal publisher) internal sandbox-dbs subdomain; no public API,2026-08-06,"Only if the vendor demonstrably relaunches a PUBLIC API program: cite live docs URL + successful unauthenticated probe of the docs, and record the revocation in this file and in the curation ledger.",junk-recheck-w2
sandbox.linkcy.cloud,linkcy,junk-or-private,"private-confirmed (junk-recheck-w2 2026-08-05): Linkcy BaaS partner API; gated onboarding, sandbox behind sign-up",2026-08-06,"Only if the vendor demonstrably relaunches a PUBLIC API program: cite live docs URL + successful unauthenticated probe of the docs, and record the revocation in this file and in the curation ledger.",junk-recheck-w2
seldon.local,engine,junk-or-private,junk-confirmed (junk-recheck-w2 2026-08-05): internal-host,2026-08-06,"Only if the vendor demonstrably relaunches a PUBLIC API program: cite live docs URL + successful unauthenticated probe of the docs, and record the revocation in this file and in the curation ledger.",junk-recheck-w2
seldon.local,wrapper,junk-or-private,junk-confirmed (junk-recheck-w2 2026-08-05): internal-host,2026-08-06,"Only if the vendor demonstrably relaunches a PUBLIC API program: cite live docs URL + successful unauthenticated probe of the docs, and record the revocation in this file and in the curation ledger.",junk-recheck-w2
skynewz-api-fortnite.herokuapp.com,main,junk-or-private,junk-confirmed (junk-recheck-w2 2026-08-05): heroku-demo,2026-08-06,"Only if the vendor demonstrably relaunches a PUBLIC API program: cite live docs URL + successful unauthenticated probe of the docs, and record the revocation in this file and in the curation ledger.",junk-recheck-w2
slicebox.local,main,junk-or-private,junk-confirmed (junk-recheck-w2 2026-08-05): internal-host,2026-08-06,"Only if the vendor demonstrably relaunches a PUBLIC API program: cite live docs URL + successful unauthenticated probe of the docs, and record the revocation in this file and in the curation ledger.",junk-recheck-w2
staging-biz.coinprofile.co,partna,junk-or-private,"private-confirmed (junk-recheck-w2 2026-08-05): staging subdomain of CoinProfile/Partna; public API lives at docs.getpartna.com, this host is internal staging",2026-08-06,"Only if the vendor demonstrably relaunches a PUBLIC API program: cite live docs URL + successful unauthenticated probe of the docs, and record the revocation in this file and in the curation ledger.",junk-recheck-w2
swagger-api,petstore,junk-or-private,junk-confirmed (junk-recheck-w2 2026-08-05): demo-sample,2026-08-06,"Only if the vendor demonstrably relaunches a PUBLIC API program: cite live docs URL + successful unauthenticated probe of the docs, and record the revocation in this file and in the curation ledger.",junk-recheck-w2
swaggerhub.2023sl93091,assignment-3,junk-or-private,junk-confirmed (junk-recheck-w2 2026-08-05): swaggerhub-scratch,2026-08-06,"Only if the vendor demonstrably relaunches a PUBLIC API program: cite live docs URL + successful unauthenticated probe of the docs, and record the revocation in this file and in the curation ledger.",junk-recheck-w2
swaggerhub.2023sl93091,assignment2,junk-or-private,junk-confirmed (junk-recheck-w2 2026-08-05): swaggerhub-scratch,2026-08-06,"Only if the vendor demonstrably relaunches a PUBLIC API program: cite live docs URL + successful unauthenticated probe of the docs, and record the revocation in this file and in the curation ledger.",junk-recheck-w2
swaggerhub.8697715,api,junk-or-private,junk-confirmed (junk-recheck-w2 2026-08-05): swaggerhub-scratch,2026-08-06,"Only if the vendor demonstrably relaunches a PUBLIC API program: cite live docs URL + successful unauthenticated probe of the docs, and record the revocation in this file and in the curation ledger.",junk-recheck-w2
swaggerhub.8697715,apineg,junk-or-private,junk-confirmed (junk-recheck-w2 2026-08-05): swaggerhub-scratch,2026-08-06,"Only if the vendor demonstrably relaunches a PUBLIC API program: cite live docs URL + successful unauthenticated probe of the docs, and record the revocation in this file and in the curation ledger.",junk-recheck-w2
swaggerhub.abgbruce,api-de-autenticacao,junk-or-private,junk-confirmed (junk-recheck-w2 2026-08-05): swaggerhub-scratch,2026-08-06,"Only if the vendor demonstrably relaunches a PUBLIC API program: cite live docs URL + successful unauthenticated probe of the docs, and record the revocation in this file and in the curation ledger.",junk-recheck-w2
swaggerhub.absie0873,access-tracking,junk-or-private,junk-confirmed (junk-recheck-w2 2026-08-05): swaggerhub-scratch,2026-08-06,"Only if the vendor demonstrably relaunches a PUBLIC API program: cite live docs URL + successful unauthenticated probe of the docs, and record the revocation in this file and in the curation ledger.",junk-recheck-w2
swaggerhub.absie0873,auditting,junk-or-private,junk-confirmed (junk-recheck-w2 2026-08-05): swaggerhub-scratch,2026-08-06,"Only if the vendor demonstrably relaunches a PUBLIC API program: cite live docs URL + successful unauthenticated probe of the docs, and record the revocation in this file and in the curation ledger.",junk-recheck-w2
swaggerhub.acce28,acclake-api,junk-or-private,junk-confirmed (junk-recheck-w2 2026-08-05): swaggerhub-scratch,2026-08-06,"Only if the vendor demonstrably relaunches a PUBLIC API program: cite live docs URL + successful unauthenticated probe of the docs, and record the revocation in this file and in the curation ledger.",junk-recheck-w2
swaggerhub.accounts-20,aml,junk-or-private,junk-confirmed (junk-recheck-w2 2026-08-05): swaggerhub-scratch,2026-08-06,"Only if the vendor demonstrably relaunches a PUBLIC API program: cite live docs URL + successful unauthenticated probe of the docs, and record the revocation in this file and in the curation ledger.",junk-recheck-w2
swaggerhub.accounts-20,arc,junk-or-private,junk-confirmed (junk-recheck-w2 2026-08-05): swaggerhub-scratch,2026-08-06,"Only if the vendor demonstrably relaunches a PUBLIC API program: cite live docs URL + successful unauthenticated probe of the docs, and record the revocation in this file and in the curation ledger.",junk-recheck-w2
swaggerhub.adas-a2b-services,adas-a2b-amts,junk-or-private,junk-confirmed (junk-recheck-w2 2026-08-05): swaggerhub-scratch,2026-08-06,"Only if the vendor demonstrably relaunches a PUBLIC API program: cite live docs URL + successful unauthenticated probe of the docs, and record the revocation in this file and in the curation ledger.",junk-recheck-w2
swaggerhub.adas-a2b-services,adas-a2b-business-objects,junk-or-private,junk-confirmed (junk-recheck-w2 2026-08-05): swaggerhub-scratch,2026-08-06,"Only if the vendor demonstrably relaunches a PUBLIC API program: cite live docs URL + successful unauthenticated probe of the docs, and record the revocation in this file and in the curation ledger.",junk-recheck-w2
swaggerhub.adas-a2b-services,adas-a2b-common,junk-or-private,junk-confirmed (junk-recheck-w2 2026-08-05): swaggerhub-scratch,2026-08-06,"Only if the vendor demonstrably relaunches a PUBLIC API program: cite live docs URL + successful unauthenticated probe of the docs, and record the revocation in this file and in the curation ledger.",junk-recheck-w2
swaggerhub.adas-a2b-services,adas-a2b-datahub,junk-or-private,junk-confirmed (junk-recheck-w2 2026-08-05): swaggerhub-scratch,2026-08-06,"Only if the vendor demonstrably relaunches a PUBLIC API program: cite live docs URL + successful unauthenticated probe of the docs, and record the revocation in this file and in the curation ledger.",junk-recheck-w2
swaggerhub.advancedcomputersoft,adastra-ivr-api,junk-or-private,private-confirmed (junk-recheck-w2 2026-08-05): real vendor (Advanced/OneAdvanced) internal Adastra clinical product API,2026-08-06,"Only if the vendor demonstrably relaunches a PUBLIC API program: cite live docs URL + successful unauthenticated probe of the docs, and record the revocation in this file and in the curation ledger.",junk-recheck-w2
swaggerhub.advancedcomputersoft,adastra-telephony-api,junk-or-private,private-confirmed (junk-recheck-w2 2026-08-05): real vendor (Advanced/OneAdvanced) internal Adastra telephony API,2026-08-06,"Only if the vendor demonstrably relaunches a PUBLIC API program: cite live docs URL + successful unauthenticated probe of the docs, and record the revocation in this file and in the curation ledger.",junk-recheck-w2
swaggerhub.advancedcomputersoft,ahc-docman-api-pepr,junk-or-private,private-confirmed (junk-recheck-w2 2026-08-05): real vendor internal DocMan product API (NHS document mgmt),2026-08-06,"Only if the vendor demonstrably relaunches a PUBLIC API program: cite live docs URL + successful unauthenticated probe of the docs, and record the revocation in this file and in the curation ledger.",junk-recheck-w2
swaggerhub.advancedcomputersoft,ahc-docman-sci-gateway,junk-or-private,private-confirmed (junk-recheck-w2 2026-08-05): real vendor internal DocMan SCI gateway,2026-08-06,"Only if the vendor demonstrably relaunches a PUBLIC API program: cite live docs URL + successful unauthenticated probe of the docs, and record the revocation in this file and in the curation ledger.",junk-recheck-w2
swaggerhub.advancedcomputersoft,api-to-communicate-using-communication-platform,junk-or-private,private-confirmed (junk-recheck-w2 2026-08-05): real vendor internal communication platform API,2026-08-06,"Only if the vendor demonstrably relaunches a PUBLIC API program: cite live docs URL + successful unauthenticated probe of the docs, and record the revocation in this file and in the curation ledger.",junk-recheck-w2
swaggerhub.advancedcomputersoft,bce-api,junk-or-private,private-confirmed (junk-recheck-w2 2026-08-05): real vendor internal API,2026-08-06,"Only if the vendor demonstrably relaunches a PUBLIC API program: cite live docs URL + successful unauthenticated probe of the docs, and record the revocation in this file and in the curation ledger.",junk-recheck-w2
swaggerhub.afi-integrations,agr-inventory,junk-or-private,junk-confirmed (junk-recheck-w2 2026-08-05): swaggerhub-scratch,2026-08-06,"Only if the vendor demonstrably relaunches a PUBLIC API program: cite live docs URL + successful unauthenticated probe of the docs, and record the revocation in this file and in the curation ledger.",junk-recheck-w2
swaggerhub.airactive,airactivepro,junk-or-private,junk-confirmed (junk-recheck-w2 2026-08-05): swaggerhub-scratch,2026-08-06,"Only if the vendor demonstrably relaunches a PUBLIC API program: cite live docs URL + successful unauthenticated probe of the docs, and record the revocation in this file and in the curation ledger.",junk-recheck-w2
swaggerhub.airvantage-team,av-controller-ufone,junk-or-private,junk-confirmed (junk-recheck-w2 2026-08-05): swaggerhub-scratch internal microservice,2026-08-06,"Only if the vendor demonstrably relaunches a PUBLIC API program: cite live docs URL + successful unauthenticated probe of the docs, and record the revocation in this file and in the curation ledger.",junk-recheck-w2
swaggerhub.airvantage-team,av-integration-mtc-api,junk-or-private,junk-confirmed (junk-recheck-w2 2026-08-05): swaggerhub-scratch internal microservice,2026-08-06,"Only if the vendor demonstrably relaunches a PUBLIC API program: cite live docs URL + successful unauthenticated probe of the docs, and record the revocation in this file and in the curation ledger.",junk-recheck-w2
swaggerhub.airvantage-team,av-microservice-finance,junk-or-private,junk-confirmed (junk-recheck-w2 2026-08-05): swaggerhub-scratch internal microservice,2026-08-06,"Only if the vendor demonstrably relaunches a PUBLIC API program: cite live docs URL + successful unauthenticated probe of the docs, and record the revocation in this file and in the curation ledger.",junk-recheck-w2
swaggerhub.airvantage-team,av-microservice-gatekeeper,junk-or-private,junk-confirmed (junk-recheck-w2 2026-08-05): swaggerhub-scratch internal microservice,2026-08-06,"Only if the vendor demonstrably relaunches a PUBLIC API program: cite live docs URL + successful unauthenticated probe of the docs, and record the revocation in this file and in the curation ledger.",junk-recheck-w2
swaggerhub.alayacare,accounting-api-external,junk-or-private,private-confirmed (junk-recheck-w2 2026-08-05): real home-care vendor; API partner/customer-only not open program,2026-08-06,"Only if the vendor demonstrably relaunches a PUBLIC API program: cite live docs URL + successful unauthenticated probe of the docs, and record the revocation in this file and in the curation ledger.",junk-recheck-w2
swaggerhub.alayacare,api-care-plan-external,junk-or-private,private-confirmed (junk-recheck-w2 2026-08-05): real home-care vendor; API partner/customer-only not open program,2026-08-06,"Only if the vendor demonstrably relaunches a PUBLIC API program: cite live docs URL + successful unauthenticated probe of the docs, and record the revocation in this file and in the curation ledger.",junk-recheck-w2
swaggerhub.alayacare,api-document-cms-485-external,junk-or-private,private-confirmed (junk-recheck-w2 2026-08-05): real home-care vendor; API partner/customer-only not open program,2026-08-06,"Only if the vendor demonstrably relaunches a PUBLIC API program: cite live docs URL + successful unauthenticated probe of the docs, and record the revocation in this file and in the curation ledger.",junk-recheck-w2
swaggerhub.alayacare,api-forms-external,junk-or-private,private-confirmed (junk-recheck-w2 2026-08-05): real home-care vendor; API partner/customer-only not open program,2026-08-06,"Only if the vendor demonstrably relaunches a PUBLIC API program: cite live docs URL + successful unauthenticated probe of the docs, and record the revocation in this file and in the curation ledger.",junk-recheck-w2
swaggerhub.alayacare,api-medication-external,junk-or-private,private-confirmed (junk-recheck-w2 2026-08-05): real home-care vendor; API partner/customer-only not open program,2026-08-06,"Only if the vendor demonstrably relaunches a PUBLIC API program: cite live docs URL + successful unauthenticated probe of the docs, and record the revocation in this file and in the curation ledger.",junk-recheck-w2
swaggerhub.alayacare,api-rating,junk-or-private,private-confirmed (junk-recheck-w2 2026-08-05): real home-care vendor; API partner/customer-only not open program,2026-08-06,"Only if the vendor demonstrably relaunches a PUBLIC API program: cite live docs URL + successful unauthenticated probe of the docs, and record the revocation in this file and in the curation ledger.",junk-recheck-w2
swaggerhub.alayacare,authorizations-external-api,junk-or-private,private-confirmed (junk-recheck-w2 2026-08-05): real home-care vendor; API partner/customer-only not open program,2026-08-06,"Only if the vendor demonstrably relaunches a PUBLIC API program: cite live docs URL + successful unauthenticated probe of the docs, and record the revocation in this file and in the curation ledger.",junk-recheck-w2
swaggerhub.alexfv1603,api-products,junk-or-private,junk-confirmed (junk-recheck-w2 2026-08-05): swaggerhub-scratch,2026-08-06,"Only if the vendor demonstrably relaunches a PUBLIC API program: cite live docs URL + successful unauthenticated probe of the docs, and record the revocation in this file and in the curation ledger.",junk-recheck-w2
swaggerhub.alfah,ap-mag-service-api,junk-or-private,junk-confirmed (junk-recheck-w2 2026-08-05): swaggerhub-scratch,2026-08-06,"Only if the vendor demonstrably relaunches a PUBLIC API program: cite live docs URL + successful unauthenticated probe of the docs, and record the revocation in this file and in the curation ledger.",junk-recheck-w2
swaggerhub.alfah,ap-supplier-order-service-api,junk-or-private,junk-confirmed (junk-recheck-w2 2026-08-05): swaggerhub-scratch,2026-08-06,"Only if the vendor demonstrably relaunches a PUBLIC API program: cite live docs URL + successful unauthenticated probe of the docs, and record the revocation in this file and in the curation ledger.",junk-recheck-w2
swaggerhub.andrewflbarnes,andrewflbarnes,junk-or-private,junk-confirmed (junk-recheck-w2 2026-08-05): swaggerhub-scratch,2026-08-06,"Only if the vendor demonstrably relaunches a PUBLIC API program: cite live docs URL + successful unauthenticated probe of the docs, and record the revocation in this file and in the curation ledger.",junk-recheck-w2
swaggerhub.andrewflbarnes,bug.broken-yaml-anchor-in-json,junk-or-private,junk-confirmed (junk-recheck-w2 2026-08-05): broken-test-spec,2026-08-06,"Only if the vendor demonstrably relaunches a PUBLIC API program: cite live docs URL + successful unauthenticated probe of the docs, and record the revocation in this file and in the curation ledger.",junk-recheck-w2
swaggerhub.anexya,active-retail-backend-api,junk-or-private,junk-confirmed (junk-recheck-w2 2026-08-05): swaggerhub-scratch,2026-08-06,"Only if the vendor demonstrably relaunches a PUBLIC API program: cite live docs URL + successful unauthenticated probe of the docs, and record the revocation in this file and in the curation ledger.",junk-recheck-w2
swaggerhub.anexya,audit,junk-or-private,junk-confirmed (junk-recheck-w2 2026-08-05): swaggerhub-scratch,2026-08-06,"Only if the vendor demonstrably relaunches a PUBLIC API program: cite live docs URL + successful unauthenticated probe of the docs, and record the revocation in this file and in the curation ledger.",junk-recheck-w2
swaggerhub.anexya,ax-public-api,junk-or-private,junk-confirmed (junk-recheck-w2 2026-08-05): swaggerhub-scratch,2026-08-06,"Only if the vendor demonstrably relaunches a PUBLIC API program: cite live docs URL + successful unauthenticated probe of the docs, and record the revocation in this file and in the curation ledger.",junk-recheck-w2
swaggerhub.apex-artem2,apex-box,junk-or-private,junk-confirmed (junk-recheck-w2 2026-08-05): swaggerhub-scratch,2026-08-06,"Only if the vendor demonstrably relaunches a PUBLIC API program: cite live docs URL + successful unauthenticated probe of the docs, and record the revocation in this file and in the curation ledger.",junk-recheck-w2
swaggerhub.apex-artem2,api-microloan,junk-or-private,junk-confirmed (junk-recheck-w2 2026-08-05): swaggerhub-scratch,2026-08-06,"Only if the vendor demonstrably relaunches a PUBLIC API program: cite live docs URL + successful unauthenticated probe of the docs, and record the revocation in this file and in the curation ledger.",junk-recheck-w2
swaggerhub.apex.kobul,apex-insurance-ap-is,junk-or-private,junk-confirmed (junk-recheck-w2 2026-08-05): swaggerhub-scratch,2026-08-06,"Only if the vendor demonstrably relaunches a PUBLIC API program: cite live docs URL + successful unauthenticated probe of the docs, and record the revocation in this file and in the curation ledger.",junk-recheck-w2
swaggerhub.apologistics-gmbh,autostore-controller,junk-or-private,private-confirmed (junk-recheck-w2 2026-08-05): real German logistics firm internal warehouse tooling,2026-08-06,"Only if the vendor demonstrably relaunches a PUBLIC API program: cite live docs URL + successful unauthenticated probe of the docs, and record the revocation in this file and in the curation ledger.",junk-recheck-w2
swaggerhub.apologistics-gmbh,bannertool,junk-or-private,private-confirmed (junk-recheck-w2 2026-08-05): real German logistics firm internal tooling,2026-08-06,"Only if the vendor demonstrably relaunches a PUBLIC API program: cite live docs URL + successful unauthenticated probe of the docs, and record the revocation in this file and in the curation ledger.",junk-recheck-w2
swaggerhub.appgallop,activateorder,junk-or-private,junk-confirmed (junk-recheck-w2 2026-08-05): swaggerhub-scratch,2026-08-06,"Only if the vendor demonstrably relaunches a PUBLIC API program: cite live docs URL + successful unauthenticated probe of the docs, and record the revocation in this file and in the curation ledger.",junk-recheck-w2
swaggerhub.appgallop,authorization,junk-or-private,junk-confirmed (junk-recheck-w2 2026-08-05): swaggerhub-scratch,2026-08-06,"Only if the vendor demonstrably relaunches a PUBLIC API program: cite live docs URL + successful unauthenticated probe of the docs, and record the revocation in this file and in the curation ledger.",junk-recheck-w2
swaggerhub.asis-9cb,asisportalauth,junk-or-private,junk-confirmed (junk-recheck-w2 2026-08-05): swaggerhub-scratch,2026-08-06,"Only if the vendor demonstrably relaunches a PUBLIC API program: cite live docs URL + successful unauthenticated probe of the docs, and record the revocation in this file and in the curation ledger.",junk-recheck-w2
swaggerhub.asis-9cb,asisportalplannedshipment,junk-or-private,junk-confirmed (junk-recheck-w2 2026-08-05): swaggerhub-scratch,2026-08-06,"Only if the vendor demonstrably relaunches a PUBLIC API program: cite live docs URL + successful unauthenticated probe of the docs, and record the revocation in this file and in the curation ledger.",junk-recheck-w2
swaggerhub.assecogeorgia,agentsapi,junk-or-private,private-confirmed (junk-recheck-w2 2026-08-05): internal government integration API (Asseco Georgia border/police),2026-08-06,"Only if the vendor demonstrably relaunches a PUBLIC API program: cite live docs URL + successful unauthenticated probe of the docs, and record the revocation in this file and in the curation ledger.",junk-recheck-w2
swaggerhub.assecogeorgia,borderpolice,junk-or-private,private-confirmed (junk-recheck-w2 2026-08-05): internal government border-police API,2026-08-06,"Only if the vendor demonstrably relaunches a PUBLIC API program: cite live docs URL + successful unauthenticated probe of the docs, and record the revocation in this file and in the curation ledger.",junk-recheck-w2
swaggerhub.assecogeorgia,borderpolicesecurity,junk-or-private,private-confirmed (junk-recheck-w2 2026-08-05): internal government border-police API,2026-08-06,"Only if the vendor demonstrably relaunches a PUBLIC API program: cite live docs URL + successful unauthenticated probe of the docs, and record the revocation in this file and in the curation ledger.",junk-recheck-w2
swaggerhub.atlasrtx,atlas-rtxv-1,junk-or-private,private-confirmed (junk-recheck-w2 2026-08-05): no public API; AtlasRTX now verse.ai has no public developer docs,2026-08-06,"Only if the vendor demonstrably relaunches a PUBLIC API program: cite live docs URL + successful unauthenticated probe of the docs, and record the revocation in this file and in the curation ledger.",junk-recheck-w2
swaggerhub.atlasrtx,atlasmobileapi,junk-or-private,private-confirmed (junk-recheck-w2 2026-08-05): internal mobile API; no public developer program,2026-08-06,"Only if the vendor demonstrably relaunches a PUBLIC API program: cite live docs URL + successful unauthenticated probe of the docs, and record the revocation in this file and in the curation ledger.",junk-recheck-w2
swaggerhub.attentive-060,attentive-api,junk-or-private,junk-confirmed (junk-recheck-w2 2026-08-05): swaggerhub-scratch,2026-08-06,"Only if the vendor demonstrably relaunches a PUBLIC API program: cite live docs URL + successful unauthenticated probe of the docs, and record the revocation in this file and in the curation ledger.",junk-recheck-w2
swaggerhub.attentive-060,attentive-provisioning-api,junk-or-private,junk-confirmed (junk-recheck-w2 2026-08-05): swaggerhub-scratch,2026-08-06,"Only if the vendor demonstrably relaunches a PUBLIC API program: cite live docs URL + successful unauthenticated probe of the docs, and record the revocation in this file and in the curation ledger.",junk-recheck-w2
swaggerhub.au-hackathon8,accounts,junk-or-private,junk-confirmed (junk-recheck-w2 2026-08-05): hackathon,2026-08-06,"Only if the vendor demonstrably relaunches a PUBLIC API program: cite live docs URL + successful unauthenticated probe of the docs, and record the revocation in this file and in the curation ledger.",junk-recheck-w2
swaggerhub.au-hackathon8,add-new-account,junk-or-private,junk-confirmed (junk-recheck-w2 2026-08-05): hackathon,2026-08-06,"Only if the vendor demonstrably relaunches a PUBLIC API program: cite live docs URL + successful unauthenticated probe of the docs, and record the revocation in this file and in the curation ledger.",junk-recheck-w2
swaggerhub.au-hackathon8,add-new-au,junk-or-private,junk-confirmed (junk-recheck-w2 2026-08-05): hackathon,2026-08-06,"Only if the vendor demonstrably relaunches a PUBLIC API program: cite live docs URL + successful unauthenticated probe of the docs, and record the revocation in this file and in the curation ledger.",junk-recheck-w2
swaggerhub.axeta,auth-backend,junk-or-private,junk-confirmed (junk-recheck-w2 2026-08-05): swaggerhub-scratch,2026-08-06,"Only if the vendor demonstrably relaunches a PUBLIC API program: cite live docs URL + successful unauthenticated probe of the docs, and record the revocation in this file and in the curation ledger.",junk-recheck-w2
swaggerhub.bifrost-api,bifrost-examiners,junk-or-private,junk-confirmed (junk-recheck-w2 2026-08-05): swaggerhub-scratch,2026-08-06,"Only if the vendor demonstrably relaunches a PUBLIC API program: cite live docs URL + successful unauthenticated probe of the docs, and record the revocation in this file and in the curation ledger.",junk-recheck-w2
swaggerhub.bo-integration,1c-dms,junk-or-private,junk-confirmed (junk-recheck-w2 2026-08-05): swaggerhub-scratch,2026-08-06,"Only if the vendor demonstrably relaunches a PUBLIC API program: cite live docs URL + successful unauthenticated probe of the docs, and record the revocation in this file and in the curation ledger.",junk-recheck-w2
swaggerhub.bookingexpertapi,be-connectapi,junk-or-private,private-confirmed (junk-recheck-w2 2026-08-05): partner integration API; no public self-serve docs found,2026-08-06,"Only if the vendor demonstrably relaunches a PUBLIC API program: cite live docs URL + successful unauthenticated probe of the docs, and record the revocation in this file and in the curation ledger.",junk-recheck-w2
swaggerhub.bookingexpertapi,be-identity,junk-or-private,private-confirmed (junk-recheck-w2 2026-08-05): partner integration API; no public self-serve docs found,2026-08-06,"Only if the vendor demonstrably relaunches a PUBLIC API program: cite live docs URL + successful unauthenticated probe of the docs, and record the revocation in this file and in the curation ledger.",junk-recheck-w2
swaggerhub.bookingexpertapi,be-ws,junk-or-private,private-confirmed (junk-recheck-w2 2026-08-05): partner integration API; no public self-serve docs found,2026-08-06,"Only if the vendor demonstrably relaunches a PUBLIC API program: cite live docs URL + successful unauthenticated probe of the docs, and record the revocation in this file and in the curation ledger.",junk-recheck-w2
swaggerhub.bookingexpertapi,bebe-access,junk-or-private,private-confirmed (junk-recheck-w2 2026-08-05): partner integration API; no public self-serve docs found,2026-08-06,"Only if the vendor demonstrably relaunches a PUBLIC API program: cite live docs URL + successful unauthenticated probe of the docs, and record the revocation in this file and in the curation ledger.",junk-recheck-w2
swaggerhub.bringin-a9e,bringin-ap-is,junk-or-private,junk-confirmed (junk-recheck-w2 2026-08-05): swaggerhub-scratch,2026-08-06,"Only if the vendor demonstrably relaunches a PUBLIC API program: cite live docs URL + successful unauthenticated probe of the docs, and record the revocation in this file and in the curation ledger.",junk-recheck-w2
swaggerhub.bringin-a9e,bringin-offramp,junk-or-private,junk-confirmed (junk-recheck-w2 2026-08-05): swaggerhub-scratch,2026-08-06,"Only if the vendor demonstrably relaunches a PUBLIC API program: cite live docs URL + successful unauthenticated probe of the docs, and record the revocation in this file and in the curation ledger.",junk-recheck-w2
swaggerhub.cetaqua,aquasost,junk-or-private,private-confirmed (junk-recheck-w2 2026-08-05): internal research-project API (Cetaqua water research),2026-08-06,"Only if the vendor demonstrably relaunches a PUBLIC API program: cite live docs URL + successful unauthenticated probe of the docs, and record the revocation in this file and in the curation ledger.",junk-recheck-w2
swaggerhub.cetaqua,aquasost-pi,junk-or-private,private-confirmed (junk-recheck-w2 2026-08-05): internal research-project API (Cetaqua water research),2026-08-06,"Only if the vendor demonstrably relaunches a PUBLIC API program: cite live docs URL + successful unauthenticated probe of the docs, and record the revocation in this file and in the curation ledger.",junk-recheck-w2
swaggerhub.ciss9,apiladdition,junk-or-private,junk-confirmed (junk-recheck-w2 2026-08-05): swaggerhub-scratch,2026-08-06,"Only if the vendor demonstrably relaunches a PUBLIC API program: cite live docs URL + successful unauthenticated probe of the docs, and record the revocation in this file and in the curation ledger.",junk-recheck-w2
swaggerhub.ciss9,borneo,junk-or-private,junk-confirmed (junk-recheck-w2 2026-08-05): swaggerhub-scratch,2026-08-06,"Only if the vendor demonstrably relaunches a PUBLIC API program: cite live docs URL + successful unauthenticated probe of the docs, and record the revocation in this file and in the curation ledger.",junk-recheck-w2
swaggerhub.cloudappi,api-collectables,junk-or-private,junk-confirmed (junk-recheck-w2 2026-08-05): swaggerhub-scratch,2026-08-06,"Only if the vendor demonstrably relaunches a PUBLIC API program: cite live docs URL + successful unauthenticated probe of the docs, and record the revocation in this file and in the curation ledger.",junk-recheck-w2
swaggerhub.cloudappi,api-taya-sync,junk-or-private,junk-confirmed (junk-recheck-w2 2026-08-05): swaggerhub-scratch,2026-08-06,"Only if the vendor demonstrably relaunches a PUBLIC API program: cite live docs URL + successful unauthenticated probe of the docs, and record the revocation in this file and in the curation ledger.",junk-recheck-w2
swaggerhub.copa-airlines,api-revenue-management-bid-price-v-1-0,junk-or-private,private-confirmed (junk-recheck-w2 2026-08-05): internal airline revenue-management API; no public developer program,2026-08-06,"Only if the vendor demonstrably relaunches a PUBLIC API program: cite live docs URL + successful unauthenticated probe of the docs, and record the revocation in this file and in the curation ledger.",junk-recheck-w2
swaggerhub.copa-airlines,api-upload-bid-price-info-v-1-0,junk-or-private,private-confirmed (junk-recheck-w2 2026-08-05): internal airline revenue-management API; no public developer program,2026-08-06,"Only if the vendor demonstrably relaunches a PUBLIC API program: cite live docs URL + successful unauthenticated probe of the docs, and record the revocation in this file and in the curation ledger.",junk-recheck-w2
swaggerhub.coria9404-1,api-categorias,junk-or-private,junk-confirmed (junk-recheck-w2 2026-08-05): swaggerhub-scratch,2026-08-06,"Only if the vendor demonstrably relaunches a PUBLIC API program: cite live docs URL + successful unauthenticated probe of the docs, and record the revocation in this file and in the curation ledger.",junk-recheck-w2
swaggerhub.coria9404-1,api-estadosretiros,junk-or-private,junk-confirmed (junk-recheck-w2 2026-08-05): swaggerhub-scratch,2026-08-06,"Only if the vendor demonstrably relaunches a PUBLIC API program: cite live docs URL + successful unauthenticated probe of the docs, and record the revocation in this file and in the curation ledger.",junk-recheck-w2
swaggerhub.coria9404-1,api-pais,junk-or-private,junk-confirmed (junk-recheck-w2 2026-08-05): swaggerhub-scratch,2026-08-06,"Only if the vendor demonstrably relaunches a PUBLIC API program: cite live docs URL + successful unauthenticated probe of the docs, and record the revocation in this file and in the curation ledger.",junk-recheck-w2
swaggerhub.cpete405-dasal,activity-api-documentation-relationships-dasal,junk-or-private,junk-confirmed (junk-recheck-w2 2026-08-05): swaggerhub-scratch,2026-08-06,"Only if the vendor demonstrably relaunches a PUBLIC API program: cite live docs URL + successful unauthenticated probe of the docs, and record the revocation in this file and in the curation ledger.",junk-recheck-w2
swaggerhub.cpete405-dasal,api-documentation-guns-dasal,junk-or-private,junk-confirmed (junk-recheck-w2 2026-08-05): swaggerhub-scratch,2026-08-06,"Only if the vendor demonstrably relaunches a PUBLIC API program: cite live docs URL + successful unauthenticated probe of the docs, and record the revocation in this file and in the curation ledger.",junk-recheck-w2
swaggerhub.csodedge,assessment,junk-or-private,private-confirmed (junk-recheck-w2 2026-08-05): internal partner assessment integration API,2026-08-06,"Only if the vendor demonstrably relaunches a PUBLIC API program: cite live docs URL + successful unauthenticated probe of the docs, and record the revocation in this file and in the curation ledger.",junk-recheck-w2
swaggerhub.csodedge,assessment-callback,junk-or-private,private-confirmed (junk-recheck-w2 2026-08-05): internal partner webhook/callback API,2026-08-06,"Only if the vendor demonstrably relaunches a PUBLIC API program: cite live docs URL + successful unauthenticated probe of the docs, and record the revocation in this file and in the curation ledger.",junk-recheck-w2
swaggerhub.csodedge,background-check,junk-or-private,private-confirmed (junk-recheck-w2 2026-08-05): internal partner background-check integration API,2026-08-06,"Only if the vendor demonstrably relaunches a PUBLIC API program: cite live docs URL + successful unauthenticated probe of the docs, and record the revocation in this file and in the curation ledger.",junk-recheck-w2
swaggerhub.csodedge,background-check-callback,junk-or-private,private-confirmed (junk-recheck-w2 2026-08-05): internal partner webhook/callback API,2026-08-06,"Only if the vendor demonstrably relaunches a PUBLIC API program: cite live docs URL + successful unauthenticated probe of the docs, and record the revocation in this file and in the curation ledger.",junk-recheck-w2
swaggerhub.darkness6345122-1,apexbank,junk-or-private,junk-confirmed (junk-recheck-w2 2026-08-05): swaggerhub-scratch,2026-08-06,"Only if the vendor demonstrably relaunches a PUBLIC API program: cite live docs URL + successful unauthenticated probe of the docs, and record the revocation in this file and in the curation ledger.",junk-recheck-w2
swaggerhub.darkness6345122-1,bank-api,junk-or-private,junk-confirmed (junk-recheck-w2 2026-08-05): swaggerhub-scratch,2026-08-06,"Only if the vendor demonstrably relaunches a PUBLIC API program: cite live docs URL + successful unauthenticated probe of the docs, and record the revocation in this file and in the curation ledger.",junk-recheck-w2
swaggerhub.datasys,balikoboxy-parcel-management,junk-or-private,junk-confirmed (junk-recheck-w2 2026-08-05): swaggerhub-scratch,2026-08-06,"Only if the vendor demonstrably relaunches a PUBLIC API program: cite live docs URL + successful unauthenticated probe of the docs, and record the revocation in this file and in the curation ledger.",junk-recheck-w2
swaggerhub.datasys,balikoboxy-user-management,junk-or-private,junk-confirmed (junk-recheck-w2 2026-08-05): swaggerhub-scratch,2026-08-06,"Only if the vendor demonstrably relaunches a PUBLIC API program: cite live docs URL + successful unauthenticated probe of the docs, and record the revocation in this file and in the curation ledger.",junk-recheck-w2
swaggerhub.dby,berrycertfront-dashboard-1.4,junk-or-private,junk-confirmed (junk-recheck-w2 2026-08-05): swaggerhub-scratch,2026-08-06,"Only if the vendor demonstrably relaunches a PUBLIC API program: cite live docs URL + successful unauthenticated probe of the docs, and record the revocation in this file and in the curation ledger.",junk-recheck-w2
swaggerhub.denefits,alternateemails,junk-or-private,private-confirmed (junk-recheck-w2 2026-08-05): internal Denefits microservice not public API,2026-08-06,"Only if the vendor demonstrably relaunches a PUBLIC API program: cite live docs URL + successful unauthenticated probe of the docs, and record the revocation in this file and in the curation ledger.",junk-recheck-w2
swaggerhub.denefits,alternateemailsadmin,junk-or-private,private-confirmed (junk-recheck-w2 2026-08-05): internal Denefits admin microservice,2026-08-06,"Only if the vendor demonstrably relaunches a PUBLIC API program: cite live docs URL + successful unauthenticated probe of the docs, and record the revocation in this file and in the curation ledger.",junk-recheck-w2
swaggerhub.dev16,api,junk-or-private,junk-confirmed (junk-recheck-w2 2026-08-05): swaggerhub-scratch,2026-08-06,"Only if the vendor demonstrably relaunches a PUBLIC API program: cite live docs URL + successful unauthenticated probe of the docs, and record the revocation in this file and in the curation ledger.",junk-recheck-w2
swaggerhub.dev16,apitessera,junk-or-private,junk-confirmed (junk-recheck-w2 2026-08-05): swaggerhub-scratch,2026-08-06,"Only if the vendor demonstrably relaunches a PUBLIC API program: cite live docs URL + successful unauthenticated probe of the docs, and record the revocation in this file and in the curation ledger.",junk-recheck-w2
swaggerhub.devgram,apiguardado,junk-or-private,junk-confirmed (junk-recheck-w2 2026-08-05): swaggerhub-scratch,2026-08-06,"Only if the vendor demonstrably relaunches a PUBLIC API program: cite live docs URL + successful unauthenticated probe of the docs, and record the revocation in this file and in the curation ledger.",junk-recheck-w2
swaggerhub.devgram,apijuegos,junk-or-private,junk-confirmed (junk-recheck-w2 2026-08-05): swaggerhub-scratch,2026-08-06,"Only if the vendor demonstrably relaunches a PUBLIC API program: cite live docs URL + successful unauthenticated probe of the docs, and record the revocation in this file and in the curation ledger.",junk-recheck-w2
swaggerhub.devgram,apiusuarios,junk-or-private,junk-confirmed (junk-recheck-w2 2026-08-05): swaggerhub-scratch,2026-08-06,"Only if the vendor demonstrably relaunches a PUBLIC API program: cite live docs URL + successful unauthenticated probe of the docs, and record the revocation in this file and in the curation ledger.",junk-recheck-w2
swaggerhub.direct-wines,accountlookupservice,junk-or-private,private-confirmed (junk-recheck-w2 2026-08-05): internal Direct Wines service not public,2026-08-06,"Only if the vendor demonstrably relaunches a PUBLIC API program: cite live docs URL + successful unauthenticated probe of the docs, and record the revocation in this file and in the curation ledger.",junk-recheck-w2
swaggerhub.direct-wines,address-party-schemas,junk-or-private,private-confirmed (junk-recheck-w2 2026-08-05): internal Direct Wines schemas not public,2026-08-06,"Only if the vendor demonstrably relaunches a PUBLIC API program: cite live docs URL + successful unauthenticated probe of the docs, and record the revocation in this file and in the curation ledger.",junk-recheck-w2
swaggerhub.direct-wines,agentgiftcardsapisuite,junk-or-private,private-confirmed (junk-recheck-w2 2026-08-05): internal Direct Wines agent giftcard suite,2026-08-06,"Only if the vendor demonstrably relaunches a PUBLIC API program: cite live docs URL + successful unauthenticated probe of the docs, and record the revocation in this file and in the curation ledger.",junk-recheck-w2
swaggerhub.dxc53,apimactividad,junk-or-private,junk-confirmed (junk-recheck-w2 2026-08-05): swaggerhub-scratch,2026-08-06,"Only if the vendor demonstrably relaunches a PUBLIC API program: cite live docs URL + successful unauthenticated probe of the docs, and record the revocation in this file and in the curation ledger.",junk-recheck-w2
swaggerhub.dxc53,apimalerta,junk-or-private,junk-confirmed (junk-recheck-w2 2026-08-05): swaggerhub-scratch,2026-08-06,"Only if the vendor demonstrably relaunches a PUBLIC API program: cite live docs URL + successful unauthenticated probe of the docs, and record the revocation in this file and in the curation ledger.",junk-recheck-w2
swaggerhub.dxc53,apimempresa,junk-or-private,junk-confirmed (junk-recheck-w2 2026-08-05): swaggerhub-scratch,2026-08-06,"Only if the vendor demonstrably relaunches a PUBLIC API program: cite live docs URL + successful unauthenticated probe of the docs, and record the revocation in this file and in the curation ledger.",junk-recheck-w2
swaggerhub.dxc53,apimfoto,junk-or-private,junk-confirmed (junk-recheck-w2 2026-08-05): swaggerhub-scratch,2026-08-06,"Only if the vendor demonstrably relaunches a PUBLIC API program: cite live docs URL + successful unauthenticated probe of the docs, and record the revocation in this file and in the curation ledger.",junk-recheck-w2
swaggerhub.dxc53,apimnivel,junk-or-private,junk-confirmed (junk-recheck-w2 2026-08-05): swaggerhub-scratch,2026-08-06,"Only if the vendor demonstrably relaunches a PUBLIC API program: cite live docs URL + successful unauthenticated probe of the docs, and record the revocation in this file and in the curation ledger.",junk-recheck-w2
swaggerhub.dxc53,apimriesgo,junk-or-private,junk-confirmed (junk-recheck-w2 2026-08-05): swaggerhub-scratch,2026-08-06,"Only if the vendor demonstrably relaunches a PUBLIC API program: cite live docs URL + successful unauthenticated probe of the docs, and record the revocation in this file and in the curation ledger.",junk-recheck-w2
swaggerhub.dxc53,apimrol,junk-or-private,junk-confirmed (junk-recheck-w2 2026-08-05): swaggerhub-scratch,2026-08-06,"Only if the vendor demonstrably relaunches a PUBLIC API program: cite live docs URL + successful unauthenticated probe of the docs, and record the revocation in this file and in the curation ledger.",junk-recheck-w2
swaggerhub.dxc53,apimsite,junk-or-private,junk-confirmed (junk-recheck-w2 2026-08-05): swaggerhub-scratch,2026-08-06,"Only if the vendor demonstrably relaunches a PUBLIC API program: cite live docs URL + successful unauthenticated probe of the docs, and record the revocation in this file and in the curation ledger.",junk-recheck-w2
swaggerhub.dxc53,apimtoken,junk-or-private,junk-confirmed (junk-recheck-w2 2026-08-05): swaggerhub-scratch,2026-08-06,"Only if the vendor demonstrably relaunches a PUBLIC API program: cite live docs URL + successful unauthenticated probe of the docs, and record the revocation in this file and in the curation ledger.",junk-recheck-w2
swaggerhub.dxc53,apimusuario,junk-or-private,junk-confirmed (junk-recheck-w2 2026-08-05): swaggerhub-scratch,2026-08-06,"Only if the vendor demonstrably relaunches a PUBLIC API program: cite live docs URL + successful unauthenticated probe of the docs, and record the revocation in this file and in the curation ledger.",junk-recheck-w2
swaggerhub.e2open,agt-shipmentservice,junk-or-private,private-confirmed (junk-recheck-w2 2026-08-05): internal E2open partner shipment service,2026-08-06,"Only if the vendor demonstrably relaunches a PUBLIC API program: cite live docs URL + successful unauthenticated probe of the docs, and record the revocation in this file and in the curation ledger.",junk-recheck-w2
swaggerhub.eco-solutions,agrocuracrmpengeprofilen,junk-or-private,junk-confirmed (junk-recheck-w2 2026-08-05): swaggerhub-scratch,2026-08-06,"Only if the vendor demonstrably relaunches a PUBLIC API program: cite live docs URL + successful unauthenticated probe of the docs, and record the revocation in this file and in the curation ledger.",junk-recheck-w2
swaggerhub.eco-solutions,agrocuraravarer,junk-or-private,junk-confirmed (junk-recheck-w2 2026-08-05): swaggerhub-scratch,2026-08-06,"Only if the vendor demonstrably relaunches a PUBLIC API program: cite live docs URL + successful unauthenticated probe of the docs, and record the revocation in this file and in the curation ledger.",junk-recheck-w2
swaggerhub.edgezeroapis,ausgrid,junk-or-private,junk-confirmed (junk-recheck-w2 2026-08-05): swaggerhub-scratch,2026-08-06,"Only if the vendor demonstrably relaunches a PUBLIC API program: cite live docs URL + successful unauthenticated probe of the docs, and record the revocation in this file and in the curation ledger.",junk-recheck-w2
swaggerhub.eloihernandeztarrago,abitari-housekeeping-integration-api,junk-or-private,junk-confirmed (junk-recheck-w2 2026-08-05): swaggerhub-scratch,2026-08-06,"Only if the vendor demonstrably relaunches a PUBLIC API program: cite live docs URL + successful unauthenticated probe of the docs, and record the revocation in this file and in the curation ledger.",junk-recheck-w2
swaggerhub.eloihernandeztarrago,abitari-housekeeping-integration-api-for-guest-fac,junk-or-private,junk-confirmed (junk-recheck-w2 2026-08-05): swaggerhub-scratch,2026-08-06,"Only if the vendor demonstrably relaunches a PUBLIC API program: cite live docs URL + successful unauthenticated probe of the docs, and record the revocation in this file and in the curation ledger.",junk-recheck-w2
swaggerhub.eloihernandeztarrago,abitari-integration-autoinstall-api,junk-or-private,junk-confirmed (junk-recheck-w2 2026-08-05): swaggerhub-scratch,2026-08-06,"Only if the vendor demonstrably relaunches a PUBLIC API program: cite live docs URL + successful unauthenticated probe of the docs, and record the revocation in this file and in the curation ledger.",junk-recheck-w2
swaggerhub.enable-networks,address-api,junk-or-private,private-confirmed (junk-recheck-w2 2026-08-05): internal Enable Networks NZ fibre service,2026-08-06,"Only if the vendor demonstrably relaunches a PUBLIC API program: cite live docs URL + successful unauthenticated probe of the docs, and record the revocation in this file and in the curation ledger.",junk-recheck-w2
swaggerhub.enable-networks,address-lookup-api,junk-or-private,private-confirmed (junk-recheck-w2 2026-08-05): internal Enable Networks lookup service,2026-08-06,"Only if the vendor demonstrably relaunches a PUBLIC API program: cite live docs URL + successful unauthenticated probe of the docs, and record the revocation in this file and in the curation ledger.",junk-recheck-w2
swaggerhub.enable-networks,auth-api,junk-or-private,private-confirmed (junk-recheck-w2 2026-08-05): internal Enable Networks auth service,2026-08-06,"Only if the vendor demonstrably relaunches a PUBLIC API program: cite live docs URL + successful unauthenticated probe of the docs, and record the revocation in this file and in the curation ledger.",junk-recheck-w2
swaggerhub.enricobarelli,api-hives,junk-or-private,junk-confirmed (junk-recheck-w2 2026-08-05): swaggerhub-scratch,2026-08-06,"Only if the vendor demonstrably relaunches a PUBLIC API program: cite live docs URL + successful unauthenticated probe of the docs, and record the revocation in this file and in the curation ledger.",junk-recheck-w2
swaggerhub.enricobarelli,api-hives-honeys-av,junk-or-private,junk-confirmed (junk-recheck-w2 2026-08-05): swaggerhub-scratch,2026-08-06,"Only if the vendor demonstrably relaunches a PUBLIC API program: cite live docs URL + successful unauthenticated probe of the docs, and record the revocation in this file and in the curation ledger.",junk-recheck-w2
swaggerhub.enricobarelli,api-hives-name-hist,junk-or-private,junk-confirmed (junk-recheck-w2 2026-08-05): swaggerhub-scratch,2026-08-06,"Only if the vendor demonstrably relaunches a PUBLIC API program: cite live docs URL + successful unauthenticated probe of the docs, and record the revocation in this file and in the curation ledger.",junk-recheck-w2
swaggerhub.esignabox,admin,junk-or-private,junk-confirmed (junk-recheck-w2 2026-08-05): swaggerhub-scratch,2026-08-06,"Only if the vendor demonstrably relaunches a PUBLIC API program: cite live docs URL + successful unauthenticated probe of the docs, and record the revocation in this file and in the curation ledger.",junk-recheck-w2
swaggerhub.evt-ambev-fabr,ambev-po7.5-chatbot,junk-or-private,private-confirmed (junk-recheck-w2 2026-08-05): internal Ambev project chatbot spec,2026-08-06,"Only if the vendor demonstrably relaunches a PUBLIC API program: cite live docs URL + successful unauthenticated probe of the docs, and record the revocation in this file and in the curation ledger.",junk-recheck-w2
swaggerhub.evt-ambev-zeus,ambev-po7.5-dms,junk-or-private,private-confirmed (junk-recheck-w2 2026-08-05): internal Ambev project DMS spec,2026-08-06,"Only if the vendor demonstrably relaunches a PUBLIC API program: cite live docs URL + successful unauthenticated probe of the docs, and record the revocation in this file and in the curation ledger.",junk-recheck-w2
swaggerhub.evt-ambev-zeus,ambev-po7.5-portalb2b,junk-or-private,junk-confirmed (junk-recheck-w2 2026-08-05): swaggerhub-scratch,2026-08-06,"Only if the vendor demonstrably relaunches a PUBLIC API program: cite live docs URL + successful unauthenticated probe of the docs, and record the revocation in this file and in the curation ledger.",junk-recheck-w2
swaggerhub.ferguson-api,api-inventory-fuse,junk-or-private,junk-confirmed (junk-recheck-w2 2026-08-05): swaggerhub-scratch,2026-08-06,"Only if the vendor demonstrably relaunches a PUBLIC API program: cite live docs URL + successful unauthenticated probe of the docs, and record the revocation in this file and in the curation ledger.",junk-recheck-w2
swaggerhub.ferguson-api,api-location,junk-or-private,junk-confirmed (junk-recheck-w2 2026-08-05): swaggerhub-scratch,2026-08-06,"Only if the vendor demonstrably relaunches a PUBLIC API program: cite live docs URL + successful unauthenticated probe of the docs, and record the revocation in this file and in the curation ledger.",junk-recheck-w2
swaggerhub.ferguson-api,api-order,junk-or-private,junk-confirmed (junk-recheck-w2 2026-08-05): swaggerhub-scratch,2026-08-06,"Only if the vendor demonstrably relaunches a PUBLIC API program: cite live docs URL + successful unauthenticated probe of the docs, and record the revocation in this file and in the curation ledger.",junk-recheck-w2
swaggerhub.ferguson-api,api-shipping,junk-or-private,junk-confirmed (junk-recheck-w2 2026-08-05): swaggerhub-scratch,2026-08-06,"Only if the vendor demonstrably relaunches a PUBLIC API program: cite live docs URL + successful unauthenticated probe of the docs, and record the revocation in this file and in the curation ledger.",junk-recheck-w2
swaggerhub.flaviamarco,api-envio-de-contratos,junk-or-private,junk-confirmed (junk-recheck-w2 2026-08-05): swaggerhub-scratch,2026-08-06,"Only if the vendor demonstrably relaunches a PUBLIC API program: cite live docs URL + successful unauthenticated probe of the docs, and record the revocation in this file and in the curation ledger.",junk-recheck-w2
swaggerhub.flaviamarco,api-servico-de-movimentacao-beneficiarios,junk-or-private,junk-confirmed (junk-recheck-w2 2026-08-05): swaggerhub-scratch,2026-08-06,"Only if the vendor demonstrably relaunches a PUBLIC API program: cite live docs URL + successful unauthenticated probe of the docs, and record the revocation in this file and in the curation ledger.",junk-recheck-w2
swaggerhub.frikksol,assetactivationapi,junk-or-private,junk-confirmed (junk-recheck-w2 2026-08-05): swaggerhub-scratch,2026-08-06,"Only if the vendor demonstrably relaunches a PUBLIC API program: cite live docs URL + successful unauthenticated probe of the docs, and record the revocation in this file and in the curation ledger.",junk-recheck-w2
swaggerhub.frikksol,assetapi,junk-or-private,junk-confirmed (junk-recheck-w2 2026-08-05): swaggerhub-scratch,2026-08-06,"Only if the vendor demonstrably relaunches a PUBLIC API program: cite live docs URL + successful unauthenticated probe of the docs, and record the revocation in this file and in the curation ledger.",junk-recheck-w2
swaggerhub.generixgroup8,afnor-directory-service,junk-or-private,junk-confirmed (junk-recheck-w2 2026-08-05): swaggerhub-scratch,2026-08-06,"Only if the vendor demonstrably relaunches a PUBLIC API program: cite live docs URL + successful unauthenticated probe of the docs, and record the revocation in this file and in the curation ledger.",junk-recheck-w2
swaggerhub.generixgroup8,afnor-flow-service,junk-or-private,junk-confirmed (junk-recheck-w2 2026-08-05): swaggerhub-scratch,2026-08-06,"Only if the vendor demonstrably relaunches a PUBLIC API program: cite live docs URL + successful unauthenticated probe of the docs, and record the revocation in this file and in the curation ledger.",junk-recheck-w2
swaggerhub.getleadsfast,api-shaman,junk-or-private,junk-confirmed (junk-recheck-w2 2026-08-05): swaggerhub-scratch,2026-08-06,"Only if the vendor demonstrably relaunches a PUBLIC API program: cite live docs URL + successful unauthenticated probe of the docs, and record the revocation in this file and in the curation ledger.",junk-recheck-w2
swaggerhub.getleadsfast,api-swift-check-processing,junk-or-private,junk-confirmed (junk-recheck-w2 2026-08-05): swaggerhub-scratch,2026-08-06,"Only if the vendor demonstrably relaunches a PUBLIC API program: cite live docs URL + successful unauthenticated probe of the docs, and record the revocation in this file and in the curation ledger.",junk-recheck-w2
swaggerhub.gmacem,bgk-api-info,junk-or-private,junk-confirmed (junk-recheck-w2 2026-08-05): swaggerhub-scratch,2026-08-06,"Only if the vendor demonstrably relaunches a PUBLIC API program: cite live docs URL + successful unauthenticated probe of the docs, and record the revocation in this file and in the curation ledger.",junk-recheck-w2
swaggerhub.gmacem,bgk-info,junk-or-private,junk-confirmed (junk-recheck-w2 2026-08-05): swaggerhub-scratch,2026-08-06,"Only if the vendor demonstrably relaunches a PUBLIC API program: cite live docs URL + successful unauthenticated probe of the docs, and record the revocation in this file and in the curation ledger.",junk-recheck-w2
swaggerhub.gmf-tech,bidbr-middleware-auction-apis,junk-or-private,junk-confirmed (junk-recheck-w2 2026-08-05): swaggerhub-scratch,2026-08-06,"Only if the vendor demonstrably relaunches a PUBLIC API program: cite live docs URL + successful unauthenticated probe of the docs, and record the revocation in this file and in the curation ledger.",junk-recheck-w2
swaggerhub.gmf-tech,bidbr-middleware-bids-apis,junk-or-private,junk-confirmed (junk-recheck-w2 2026-08-05): swaggerhub-scratch,2026-08-06,"Only if the vendor demonstrably relaunches a PUBLIC API program: cite live docs URL + successful unauthenticated probe of the docs, and record the revocation in this file and in the curation ledger.",junk-recheck-w2
swaggerhub.gmf-tech,bidbr-middleware-collector-apis,junk-or-private,junk-confirmed (junk-recheck-w2 2026-08-05): swaggerhub-scratch,2026-08-06,"Only if the vendor demonstrably relaunches a PUBLIC API program: cite live docs URL + successful unauthenticated probe of the docs, and record the revocation in this file and in the curation ledger.",junk-recheck-w2
swaggerhub.gmf-tech,bidbr-middleware-customer-apis,junk-or-private,junk-confirmed (junk-recheck-w2 2026-08-05): swaggerhub-scratch,2026-08-06,"Only if the vendor demonstrably relaunches a PUBLIC API program: cite live docs URL + successful unauthenticated probe of the docs, and record the revocation in this file and in the curation ledger.",junk-recheck-w2
swaggerhub.gmf-tech,bidbr-middleware-filter-apis,junk-or-private,junk-confirmed (junk-recheck-w2 2026-08-05): swaggerhub-scratch,2026-08-06,"Only if the vendor demonstrably relaunches a PUBLIC API program: cite live docs URL + successful unauthenticated probe of the docs, and record the revocation in this file and in the curation ledger.",junk-recheck-w2
swaggerhub.gmf-tech,bidbr-middleware-proposal-apis,junk-or-private,junk-confirmed (junk-recheck-w2 2026-08-05): swaggerhub-scratch,2026-08-06,"Only if the vendor demonstrably relaunches a PUBLIC API program: cite live docs URL + successful unauthenticated probe of the docs, and record the revocation in this file and in the curation ledger.",junk-recheck-w2
swaggerhub.green-commute-bc36,bc36-gc,junk-or-private,junk-confirmed (junk-recheck-w2 2026-08-05): swaggerhub-scratch,2026-08-06,"Only if the vendor demonstrably relaunches a PUBLIC API program: cite live docs URL + successful unauthenticated probe of the docs, and record the revocation in this file and in the curation ledger.",junk-recheck-w2
swaggerhub.green-commute-bc36,bc36-greencommute,junk-or-private,junk-confirmed (junk-recheck-w2 2026-08-05): swaggerhub-scratch,2026-08-06,"Only if the vendor demonstrably relaunches a PUBLIC API program: cite live docs URL + successful unauthenticated probe of the docs, and record the revocation in this file and in the curation ledger.",junk-recheck-w2
swaggerhub.icatalogue-gmbh,api-v1-catalog,junk-or-private,junk-confirmed (junk-recheck-w2 2026-08-05): swaggerhub-scratch,2026-08-06,"Only if the vendor demonstrably relaunches a PUBLIC API program: cite live docs URL + successful unauthenticated probe of the docs, and record the revocation in this file and in the curation ledger.",junk-recheck-w2
swaggerhub.icatalogue-gmbh,api-v1-customer,junk-or-private,junk-confirmed (junk-recheck-w2 2026-08-05): swaggerhub-scratch,2026-08-06,"Only if the vendor demonstrably relaunches a PUBLIC API program: cite live docs URL + successful unauthenticated probe of the docs, and record the revocation in this file and in the curation ledger.",junk-recheck-w2
swaggerhub.icatalogue-gmbh,api-v1-general,junk-or-private,junk-confirmed (junk-recheck-w2 2026-08-05): swaggerhub-scratch,2026-08-06,"Only if the vendor demonstrably relaunches a PUBLIC API program: cite live docs URL + successful unauthenticated probe of the docs, and record the revocation in this file and in the curation ledger.",junk-recheck-w2
swaggerhub.icatalogue-gmbh,api-v1-inventory,junk-or-private,junk-confirmed (junk-recheck-w2 2026-08-05): swaggerhub-scratch,2026-08-06,"Only if the vendor demonstrably relaunches a PUBLIC API program: cite live docs URL + successful unauthenticated probe of the docs, and record the revocation in this file and in the curation ledger.",junk-recheck-w2
swaggerhub.icatalogue-gmbh,api-v1-orders,junk-or-private,junk-confirmed (junk-recheck-w2 2026-08-05): swaggerhub-scratch,2026-08-06,"Only if the vendor demonstrably relaunches a PUBLIC API program: cite live docs URL + successful unauthenticated probe of the docs, and record the revocation in this file and in the curation ledger.",junk-recheck-w2
swaggerhub.icatalogue-gmbh,api-v1-pim,junk-or-private,junk-confirmed (junk-recheck-w2 2026-08-05): swaggerhub-scratch,2026-08-06,"Only if the vendor demonstrably relaunches a PUBLIC API program: cite live docs URL + successful unauthenticated probe of the docs, and record the revocation in this file and in the curation ledger.",junk-recheck-w2
swaggerhub.icatalogue-gmbh,api-v1-prices,junk-or-private,junk-confirmed (junk-recheck-w2 2026-08-05): swaggerhub-scratch,2026-08-06,"Only if the vendor demonstrably relaunches a PUBLIC API program: cite live docs URL + successful unauthenticated probe of the docs, and record the revocation in this file and in the curation ledger.",junk-recheck-w2
swaggerhub.icatalogue-gmbh,api-v1-users,junk-or-private,junk-confirmed (junk-recheck-w2 2026-08-05): swaggerhub-scratch,2026-08-06,"Only if the vendor demonstrably relaunches a PUBLIC API program: cite live docs URL + successful unauthenticated probe of the docs, and record the revocation in this file and in the curation ledger.",junk-recheck-w2
swaggerhub.igtbdigital,accounting-online-interface,junk-or-private,junk-confirmed (junk-recheck-w2 2026-08-05): swaggerhub-scratch,2026-08-06,"Only if the vendor demonstrably relaunches a PUBLIC API program: cite live docs URL + successful unauthenticated probe of the docs, and record the revocation in this file and in the curation ledger.",junk-recheck-w2
swaggerhub.igtbdigital,accountmasterapi,junk-or-private,junk-confirmed (junk-recheck-w2 2026-08-05): swaggerhub-scratch,2026-08-06,"Only if the vendor demonstrably relaunches a PUBLIC API program: cite live docs URL + successful unauthenticated probe of the docs, and record the revocation in this file and in the curation ledger.",junk-recheck-w2
swaggerhub.igtbdigital,action-wallets-kd,junk-or-private,junk-confirmed (junk-recheck-w2 2026-08-05): swaggerhub-scratch,2026-08-06,"Only if the vendor demonstrably relaunches a PUBLIC API program: cite live docs URL + successful unauthenticated probe of the docs, and record the revocation in this file and in the curation ledger.",junk-recheck-w2
swaggerhub.igtbdigital,alert-packages,junk-or-private,junk-confirmed (junk-recheck-w2 2026-08-05): swaggerhub-scratch,2026-08-06,"Only if the vendor demonstrably relaunches a PUBLIC API program: cite live docs URL + successful unauthenticated probe of the docs, and record the revocation in this file and in the curation ledger.",junk-recheck-w2
swaggerhub.igtbdigital,alerts,junk-or-private,junk-confirmed (junk-recheck-w2 2026-08-05): swaggerhub-scratch,2026-08-06,"Only if the vendor demonstrably relaunches a PUBLIC API program: cite live docs URL + successful unauthenticated probe of the docs, and record the revocation in this file and in the curation ledger.",junk-recheck-w2
swaggerhub.igtbdigital,bankmasterapi,junk-or-private,junk-confirmed (junk-recheck-w2 2026-08-05): swaggerhub-scratch,2026-08-06,"Only if the vendor demonstrably relaunches a PUBLIC API program: cite live docs URL + successful unauthenticated probe of the docs, and record the revocation in this file and in the curation ledger.",junk-recheck-w2
swaggerhub.infile-sa,api-consulta-receptores,junk-or-private,junk-confirmed (junk-recheck-w2 2026-08-05): swaggerhub-scratch,2026-08-06,"Only if the vendor demonstrably relaunches a PUBLIC API program: cite live docs URL + successful unauthenticated probe of the docs, and record the revocation in this file and in the curation ledger.",junk-recheck-w2
swaggerhub.infile-sa,api-pagos-link-buy,junk-or-private,junk-confirmed (junk-recheck-w2 2026-08-05): swaggerhub-scratch,2026-08-06,"Only if the vendor demonstrably relaunches a PUBLIC API program: cite live docs URL + successful unauthenticated probe of the docs, and record the revocation in this file and in the curation ledger.",junk-recheck-w2
swaggerhub.infile-sa,api-signer-certificadores,junk-or-private,junk-confirmed (junk-recheck-w2 2026-08-05): swaggerhub-scratch,2026-08-06,"Only if the vendor demonstrably relaunches a PUBLIC API program: cite live docs URL + successful unauthenticated probe of the docs, and record the revocation in this file and in the curation ledger.",junk-recheck-w2
swaggerhub.insolutionsdev2,acres,junk-or-private,junk-confirmed (junk-recheck-w2 2026-08-05): swaggerhub-scratch,2026-08-06,"Only if the vendor demonstrably relaunches a PUBLIC API program: cite live docs URL + successful unauthenticated probe of the docs, and record the revocation in this file and in the curation ledger.",junk-recheck-w2
swaggerhub.insolutionsdev2,biometricapi,junk-or-private,junk-confirmed (junk-recheck-w2 2026-08-05): swaggerhub-scratch,2026-08-06,"Only if the vendor demonstrably relaunches a PUBLIC API program: cite live docs URL + successful unauthenticated probe of the docs, and record the revocation in this file and in the curation ledger.",junk-recheck-w2
swaggerhub.integracao-1,api-cnh,junk-or-private,junk-confirmed (junk-recheck-w2 2026-08-05): swaggerhub-scratch,2026-08-06,"Only if the vendor demonstrably relaunches a PUBLIC API program: cite live docs URL + successful unauthenticated probe of the docs, and record the revocation in this file and in the curation ledger.",junk-recheck-w2
swaggerhub.jaroop,agentcloud-rest-api,junk-or-private,junk-confirmed (junk-recheck-w2 2026-08-05): swaggerhub-scratch,2026-08-06,"Only if the vendor demonstrably relaunches a PUBLIC API program: cite live docs URL + successful unauthenticated probe of the docs, and record the revocation in this file and in the curation ledger.",junk-recheck-w2
swaggerhub.jensmostaert3,adshot-core,junk-or-private,junk-confirmed (junk-recheck-w2 2026-08-05): swaggerhub-scratch,2026-08-06,"Only if the vendor demonstrably relaunches a PUBLIC API program: cite live docs URL + successful unauthenticated probe of the docs, and record the revocation in this file and in the curation ledger.",junk-recheck-w2
swaggerhub.jensmostaert3,adshot-scraping-engine,junk-or-private,junk-confirmed (junk-recheck-w2 2026-08-05): swaggerhub-scratch,2026-08-06,"Only if the vendor demonstrably relaunches a PUBLIC API program: cite live docs URL + successful unauthenticated probe of the docs, and record the revocation in this file and in the curation ledger.",junk-recheck-w2
swaggerhub.jensmostaert3,ashot-uaa,junk-or-private,junk-confirmed (junk-recheck-w2 2026-08-05): swaggerhub-scratch,2026-08-06,"Only if the vendor demonstrably relaunches a PUBLIC API program: cite live docs URL + successful unauthenticated probe of the docs, and record the revocation in this file and in the curation ledger.",junk-recheck-w2
swaggerhub.jgutierrez1457,apienrollmentbunkey,junk-or-private,junk-confirmed (junk-recheck-w2 2026-08-05): swaggerhub-scratch,2026-08-06,"Only if the vendor demonstrably relaunches a PUBLIC API program: cite live docs URL + successful unauthenticated probe of the docs, and record the revocation in this file and in the curation ledger.",junk-recheck-w2
swaggerhub.jgutierrez1457,apistorebsale,junk-or-private,junk-confirmed (junk-recheck-w2 2026-08-05): swaggerhub-scratch,2026-08-06,"Only if the vendor demonstrably relaunches a PUBLIC API program: cite live docs URL + successful unauthenticated probe of the docs, and record the revocation in this file and in the curation ledger.",junk-recheck-w2
swaggerhub.jhon.hernandez,api-ne-estructuraerrores,junk-or-private,junk-confirmed (junk-recheck-w2 2026-08-05): swaggerhub-scratch,2026-08-06,"Only if the vendor demonstrably relaunches a PUBLIC API program: cite live docs URL + successful unauthenticated probe of the docs, and record the revocation in this file and in the curation ledger.",junk-recheck-w2
swaggerhub.jhon.hernandez,api-ne-plantillabaseexample,junk-or-private,junk-confirmed (junk-recheck-w2 2026-08-05): swaggerhub-scratch,2026-08-06,"Only if the vendor demonstrably relaunches a PUBLIC API program: cite live docs URL + successful unauthenticated probe of the docs, and record the revocation in this file and in the curation ledger.",junk-recheck-w2
swaggerhub.jhon.hernandez,api-ne-prueba-feature-flagg,junk-or-private,junk-confirmed (junk-recheck-w2 2026-08-05): swaggerhub-scratch,2026-08-06,"Only if the vendor demonstrably relaunches a PUBLIC API program: cite live docs URL + successful unauthenticated probe of the docs, and record the revocation in this file and in the curation ledger.",junk-recheck-w2
swaggerhub.johnnywork,20-api-documentation,junk-or-private,junk-confirmed (junk-recheck-w2 2026-08-05): swaggerhub-scratch,2026-08-06,"Only if the vendor demonstrably relaunches a PUBLIC API program: cite live docs URL + successful unauthenticated probe of the docs, and record the revocation in this file and in the curation ledger.",junk-recheck-w2
swaggerhub.johnnywork,bot-pass-v2,junk-or-private,junk-confirmed (junk-recheck-w2 2026-08-05): swaggerhub-scratch,2026-08-06,"Only if the vendor demonstrably relaunches a PUBLIC API program: cite live docs URL + successful unauthenticated probe of the docs, and record the revocation in this file and in the curation ledger.",junk-recheck-w2
swaggerhub.jsivori,aero-packs,junk-or-private,junk-confirmed (junk-recheck-w2 2026-08-05): swaggerhub-scratch,2026-08-06,"Only if the vendor demonstrably relaunches a PUBLIC API program: cite live docs URL + successful unauthenticated probe of the docs, and record the revocation in this file and in the curation ledger.",junk-recheck-w2
swaggerhub.jsivori,aero-paquetes-adaptador-al-mundo,junk-or-private,junk-confirmed (junk-recheck-w2 2026-08-05): swaggerhub-scratch,2026-08-06,"Only if the vendor demonstrably relaunches a PUBLIC API program: cite live docs URL + successful unauthenticated probe of the docs, and record the revocation in this file and in the curation ledger.",junk-recheck-w2
swaggerhub.julio-noe,api-es,junk-or-private,junk-confirmed (junk-recheck-w2 2026-08-05): swaggerhub-scratch,2026-08-06,"Only if the vendor demonstrably relaunches a PUBLIC API program: cite live docs URL + successful unauthenticated probe of the docs, and record the revocation in this file and in the curation ledger.",junk-recheck-w2
swaggerhub.julio-noe,api-pt,junk-or-private,junk-confirmed (junk-recheck-w2 2026-08-05): swaggerhub-scratch,2026-08-06,"Only if the vendor demonstrably relaunches a PUBLIC API program: cite live docs URL + successful unauthenticated probe of the docs, and record the revocation in this file and in the curation ledger.",junk-recheck-w2
swaggerhub.julio-noe85,api-fr,junk-or-private,junk-confirmed (junk-recheck-w2 2026-08-05): swaggerhub-scratch,2026-08-06,"Only if the vendor demonstrably relaunches a PUBLIC API program: cite live docs URL + successful unauthenticated probe of the docs, and record the revocation in this file and in the curation ledger.",junk-recheck-w2
swaggerhub.julio-noe85,api-it,junk-or-private,junk-confirmed (junk-recheck-w2 2026-08-05): swaggerhub-scratch,2026-08-06,"Only if the vendor demonstrably relaunches a PUBLIC API program: cite live docs URL + successful unauthenticated probe of the docs, and record the revocation in this file and in the curation ledger.",junk-recheck-w2
swaggerhub.julio-noe85,api-nl,junk-or-private,junk-confirmed (junk-recheck-w2 2026-08-05): swaggerhub-scratch,2026-08-06,"Only if the vendor demonstrably relaunches a PUBLIC API program: cite live docs URL + successful unauthenticated probe of the docs, and record the revocation in this file and in the curation ledger.",junk-recheck-w2
swaggerhub.junior-frontend,arvan-cloud-s-3-services,junk-or-private,junk-confirmed (junk-recheck-w2 2026-08-05): swaggerhub-scratch,2026-08-06,"Only if the vendor demonstrably relaunches a PUBLIC API program: cite live docs URL + successful unauthenticated probe of the docs, and record the revocation in this file and in the curation ledger.",junk-recheck-w2
swaggerhub.k2anz,acuityscheduling,junk-or-private,junk-confirmed (junk-recheck-w2 2026-08-05): swaggerhub-scratch,2026-08-06,"Only if the vendor demonstrably relaunches a PUBLIC API program: cite live docs URL + successful unauthenticated probe of the docs, and record the revocation in this file and in the curation ledger.",junk-recheck-w2
swaggerhub.k2anz,adobesign,junk-or-private,junk-confirmed (junk-recheck-w2 2026-08-05): swaggerhub-scratch,2026-08-06,"Only if the vendor demonstrably relaunches a PUBLIC API program: cite live docs URL + successful unauthenticated probe of the docs, and record the revocation in this file and in the curation ledger.",junk-recheck-w2
swaggerhub.k2anz,assembly-service,junk-or-private,junk-confirmed (junk-recheck-w2 2026-08-05): swaggerhub-scratch,2026-08-06,"Only if the vendor demonstrably relaunches a PUBLIC API program: cite live docs URL + successful unauthenticated probe of the docs, and record the revocation in this file and in the curation ledger.",junk-recheck-w2
swaggerhub.karen-lara,avivaligaportaldoagente,junk-or-private,junk-confirmed (junk-recheck-w2 2026-08-05): swaggerhub-scratch,2026-08-06,"Only if the vendor demonstrably relaunches a PUBLIC API program: cite live docs URL + successful unauthenticated probe of the docs, and record the revocation in this file and in the curation ledger.",junk-recheck-w2
swaggerhub.kettari,azul,junk-or-private,junk-confirmed (junk-recheck-w2 2026-08-05): swaggerhub-scratch,2026-08-06,"Only if the vendor demonstrably relaunches a PUBLIC API program: cite live docs URL + successful unauthenticated probe of the docs, and record the revocation in this file and in the curation ledger.",junk-recheck-w2
swaggerhub.knyazev147,123,junk-or-private,junk-confirmed (junk-recheck-w2 2026-08-05): swaggerhub-scratch,2026-08-06,"Only if the vendor demonstrably relaunches a PUBLIC API program: cite live docs URL + successful unauthenticated probe of the docs, and record the revocation in this file and in the curation ledger.",junk-recheck-w2
swaggerhub.knyazev147,bonus,junk-or-private,junk-confirmed (junk-recheck-w2 2026-08-05): swaggerhub-scratch,2026-08-06,"Only if the vendor demonstrably relaunches a PUBLIC API program: cite live docs URL + successful unauthenticated probe of the docs, and record the revocation in this file and in the curation ledger.",junk-recheck-w2
swaggerhub.koscom,account-balance-simple-query,junk-or-private,private-confirmed (junk-recheck-w2 2026-08-05): KOSCOM Korean financial-IT firm with no public API program; internal/partner spec,2026-08-06,"Only if the vendor demonstrably relaunches a PUBLIC API program: cite live docs URL + successful unauthenticated probe of the docs, and record the revocation in this file and in the curation ledger.",junk-recheck-w2
swaggerhub.koscom,account-check,junk-or-private,private-confirmed (junk-recheck-w2 2026-08-05): KOSCOM Korean financial-IT firm with no public API program; internal/partner spec,2026-08-06,"Only if the vendor demonstrably relaunches a PUBLIC API program: cite live docs URL + successful unauthenticated probe of the docs, and record the revocation in this file and in the curation ledger.",junk-recheck-w2
swaggerhub.koscom,advisory-contract-info,junk-or-private,private-confirmed (junk-recheck-w2 2026-08-05): KOSCOM Korean financial-IT firm with no public API program; internal/partner spec,2026-08-06,"Only if the vendor demonstrably relaunches a PUBLIC API program: cite live docs URL + successful unauthenticated probe of the docs, and record the revocation in this file and in the curation ledger.",junk-recheck-w2
swaggerhub.legrandcare,alma-event-notification,junk-or-private,private-confirmed (junk-recheck-w2 2026-08-05): Legrand Care telecare 'Alma' internal alarm/event integration API; no public program,2026-08-06,"Only if the vendor demonstrably relaunches a PUBLIC API program: cite live docs URL + successful unauthenticated probe of the docs, and record the revocation in this file and in the curation ledger.",junk-recheck-w2
swaggerhub.legrandcare,alma-historical-alarms,junk-or-private,private-confirmed (junk-recheck-w2 2026-08-05): Legrand Care telecare 'Alma' internal alarm/event integration API; no public program,2026-08-06,"Only if the vendor demonstrably relaunches a PUBLIC API program: cite live docs URL + successful unauthenticated probe of the docs, and record the revocation in this file and in the curation ledger.",junk-recheck-w2
swaggerhub.lennert-onyx,api2clients,junk-or-private,junk-confirmed (junk-recheck-w2 2026-08-05): swaggerhub-scratch,2026-08-06,"Only if the vendor demonstrably relaunches a PUBLIC API program: cite live docs URL + successful unauthenticated probe of the docs, and record the revocation in this file and in the curation ledger.",junk-recheck-w2
swaggerhub.lennert-onyx,apiaccessentries,junk-or-private,junk-confirmed (junk-recheck-w2 2026-08-05): swaggerhub-scratch,2026-08-06,"Only if the vendor demonstrably relaunches a PUBLIC API program: cite live docs URL + successful unauthenticated probe of the docs, and record the revocation in this file and in the curation ledger.",junk-recheck-w2
swaggerhub.lic,animal-bootstrap-feed-api,junk-or-private,private-confirmed (junk-recheck-w2 2026-08-05): LIC (NZ Livestock Improvement Corp) internal animal-data service; no public API program,2026-08-06,"Only if the vendor demonstrably relaunches a PUBLIC API program: cite live docs URL + successful unauthenticated probe of the docs, and record the revocation in this file and in the curation ledger.",junk-recheck-w2
swaggerhub.lic,animal-identity-service-boundary,junk-or-private,private-confirmed (junk-recheck-w2 2026-08-05): LIC (NZ Livestock Improvement Corp) internal animal-identity service; no public API program,2026-08-06,"Only if the vendor demonstrably relaunches a PUBLIC API program: cite live docs URL + successful unauthenticated probe of the docs, and record the revocation in this file and in the curation ledger.",junk-recheck-w2
swaggerhub.linogemdat,bewirtschaftung-immo-adapter,junk-or-private,junk-confirmed (junk-recheck-w2 2026-08-05): swaggerhub-scratch,2026-08-06,"Only if the vendor demonstrably relaunches a PUBLIC API program: cite live docs URL + successful unauthenticated probe of the docs, and record the revocation in this file and in the curation ledger.",junk-recheck-w2
swaggerhub.mashakroichuk,api-tbank,junk-or-private,junk-confirmed (junk-recheck-w2 2026-08-05): swaggerhub-scratch,2026-08-06,"Only if the vendor demonstrably relaunches a PUBLIC API program: cite live docs URL + successful unauthenticated probe of the docs, and record the revocation in this file and in the curation ledger.",junk-recheck-w2
swaggerhub.mashakroichuk,api-tochka-credits,junk-or-private,junk-confirmed (junk-recheck-w2 2026-08-05): swaggerhub-scratch,2026-08-06,"Only if the vendor demonstrably relaunches a PUBLIC API program: cite live docs URL + successful unauthenticated probe of the docs, and record the revocation in this file and in the curation ledger.",junk-recheck-w2
swaggerhub.microsoftpichet,ardv,junk-or-private,junk-confirmed (junk-recheck-w2 2026-08-05): swaggerhub-scratch,2026-08-06,"Only if the vendor demonstrably relaunches a PUBLIC API program: cite live docs URL + successful unauthenticated probe of the docs, and record the revocation in this file and in the curation ledger.",junk-recheck-w2
swaggerhub.microsoftpichet,basemandat,junk-or-private,junk-confirmed (junk-recheck-w2 2026-08-05): swaggerhub-scratch,2026-08-06,"Only if the vendor demonstrably relaunches a PUBLIC API program: cite live docs URL + successful unauthenticated probe of the docs, and record the revocation in this file and in the curation ledger.",junk-recheck-w2
swaggerhub.mkhisa7,account-api,junk-or-private,junk-confirmed (junk-recheck-w2 2026-08-05): swaggerhub-scratch,2026-08-06,"Only if the vendor demonstrably relaunches a PUBLIC API program: cite live docs URL + successful unauthenticated probe of the docs, and record the revocation in this file and in the curation ledger.",junk-recheck-w2
swaggerhub.mlostaunau,autocontainerizationservice,junk-or-private,junk-confirmed (junk-recheck-w2 2026-08-05): swaggerhub-scratch,2026-08-06,"Only if the vendor demonstrably relaunches a PUBLIC API program: cite live docs URL + successful unauthenticated probe of the docs, and record the revocation in this file and in the curation ledger.",junk-recheck-w2
swaggerhub.mlostaunau,automationcofigui,junk-or-private,junk-confirmed (junk-recheck-w2 2026-08-05): swaggerhub-scratch,2026-08-06,"Only if the vendor demonstrably relaunches a PUBLIC API program: cite live docs URL + successful unauthenticated probe of the docs, and record the revocation in this file and in the curation ledger.",junk-recheck-w2
swaggerhub.mobytelab,bitcar-driver,junk-or-private,junk-confirmed (junk-recheck-w2 2026-08-05): swaggerhub-scratch,2026-08-06,"Only if the vendor demonstrably relaunches a PUBLIC API program: cite live docs URL + successful unauthenticated probe of the docs, and record the revocation in this file and in the curation ledger.",junk-recheck-w2
swaggerhub.mobytelab,bitcar-user,junk-or-private,junk-confirmed (junk-recheck-w2 2026-08-05): swaggerhub-scratch,2026-08-06,"Only if the vendor demonstrably relaunches a PUBLIC API program: cite live docs URL + successful unauthenticated probe of the docs, and record the revocation in this file and in the curation ledger.",junk-recheck-w2
swaggerhub.myself446,admin,junk-or-private,junk-confirmed (junk-recheck-w2 2026-08-05): swaggerhub-scratch,2026-08-06,"Only if the vendor demonstrably relaunches a PUBLIC API program: cite live docs URL + successful unauthenticated probe of the docs, and record the revocation in this file and in the curation ledger.",junk-recheck-w2
swaggerhub.netreo,acknowledgement,junk-or-private,private-confirmed (junk-recheck-w2 2026-08-05): internal integration API of Netreo (network monitoring vendor); no public API program,2026-08-06,"Only if the vendor demonstrably relaunches a PUBLIC API program: cite live docs URL + successful unauthenticated probe of the docs, and record the revocation in this file and in the curation ledger.",junk-recheck-w2
swaggerhub.noreplydotsquares,addroom,junk-or-private,junk-confirmed (junk-recheck-w2 2026-08-05): swaggerhub-scratch,2026-08-06,"Only if the vendor demonstrably relaunches a PUBLIC API program: cite live docs URL + successful unauthenticated probe of the docs, and record the revocation in this file and in the curation ledger.",junk-recheck-w2
swaggerhub.noreplydotsquares,addteacher,junk-or-private,junk-confirmed (junk-recheck-w2 2026-08-05): swaggerhub-scratch,2026-08-06,"Only if the vendor demonstrably relaunches a PUBLIC API program: cite live docs URL + successful unauthenticated probe of the docs, and record the revocation in this file and in the curation ledger.",junk-recheck-w2
swaggerhub.northwestern,ado-caesar-getstudentenrollments,junk-or-private,private-confirmed (junk-recheck-w2 2026-08-05): Northwestern University internal CAESAR student-system API; not public,2026-08-06,"Only if the vendor demonstrably relaunches a PUBLIC API program: cite live docs URL + successful unauthenticated probe of the docs, and record the revocation in this file and in the curation ledger.",junk-recheck-w2
swaggerhub.northwestern,ado-caesar-postgradechange,junk-or-private,private-confirmed (junk-recheck-w2 2026-08-05): Northwestern University internal CAESAR student-system API; not public,2026-08-06,"Only if the vendor demonstrably relaunches a PUBLIC API program: cite live docs URL + successful unauthenticated probe of the docs, and record the revocation in this file and in the curation ledger.",junk-recheck-w2
swaggerhub.om-labs,bifrost-emr,junk-or-private,junk-confirmed (junk-recheck-w2 2026-08-05): swaggerhub-scratch,2026-08-06,"Only if the vendor demonstrably relaunches a PUBLIC API program: cite live docs URL + successful unauthenticated probe of the docs, and record the revocation in this file and in the curation ledger.",junk-recheck-w2
swaggerhub.om-labs,bifrost-fofo,junk-or-private,junk-confirmed (junk-recheck-w2 2026-08-05): swaggerhub-scratch,2026-08-06,"Only if the vendor demonstrably relaunches a PUBLIC API program: cite live docs URL + successful unauthenticated probe of the docs, and record the revocation in this file and in the curation ledger.",junk-recheck-w2
swaggerhub.omlabs,bifrost-fundus,junk-or-private,junk-confirmed (junk-recheck-w2 2026-08-05): swaggerhub-scratch,2026-08-06,"Only if the vendor demonstrably relaunches a PUBLIC API program: cite live docs URL + successful unauthenticated probe of the docs, and record the revocation in this file and in the curation ledger.",junk-recheck-w2
swaggerhub.omlabs,bifrost-fundus-cameras,junk-or-private,junk-confirmed (junk-recheck-w2 2026-08-05): swaggerhub-scratch,2026-08-06,"Only if the vendor demonstrably relaunches a PUBLIC API program: cite live docs URL + successful unauthenticated probe of the docs, and record the revocation in this file and in the curation ledger.",junk-recheck-w2
swaggerhub.onlgs,all-member-gateway-inquiry-profile,junk-or-private,junk-confirmed (junk-recheck-w2 2026-08-05): swaggerhub-scratch,2026-08-06,"Only if the vendor demonstrably relaunches a PUBLIC API program: cite live docs URL + successful unauthenticated probe of the docs, and record the revocation in this file and in the curation ledger.",junk-recheck-w2
swaggerhub.onlgs,allmember-app-api,junk-or-private,junk-confirmed (junk-recheck-w2 2026-08-05): swaggerhub-scratch,2026-08-06,"Only if the vendor demonstrably relaunches a PUBLIC API program: cite live docs URL + successful unauthenticated probe of the docs, and record the revocation in this file and in the curation ledger.",junk-recheck-w2
swaggerhub.pailkun,api-config,junk-or-private,junk-confirmed (junk-recheck-w2 2026-08-05): swaggerhub-scratch,2026-08-06,"Only if the vendor demonstrably relaunches a PUBLIC API program: cite live docs URL + successful unauthenticated probe of the docs, and record the revocation in this file and in the curation ledger.",junk-recheck-w2
swaggerhub.pailkun,api-indicator,junk-or-private,junk-confirmed (junk-recheck-w2 2026-08-05): swaggerhub-scratch,2026-08-06,"Only if the vendor demonstrably relaunches a PUBLIC API program: cite live docs URL + successful unauthenticated probe of the docs, and record the revocation in this file and in the curation ledger.",junk-recheck-w2
swaggerhub.palace,advertising-integration,junk-or-private,private-confirmed (junk-recheck-w2 2026-08-05): partner/internal integration API (property-management software); not a public API program,2026-08-06,"Only if the vendor demonstrably relaunches a PUBLIC API program: cite live docs URL + successful unauthenticated probe of the docs, and record the revocation in this file and in the curation ledger.",junk-recheck-w2
swaggerhub.palace,agreement-integration,junk-or-private,private-confirmed (junk-recheck-w2 2026-08-05): partner/internal integration API (property-management software); not a public API program,2026-08-06,"Only if the vendor demonstrably relaunches a PUBLIC API program: cite live docs URL + successful unauthenticated probe of the docs, and record the revocation in this file and in the curation ledger.",junk-recheck-w2
swaggerhub.pgaldamez,api.authorization,junk-or-private,junk-confirmed (junk-recheck-w2 2026-08-05): swaggerhub-scratch,2026-08-06,"Only if the vendor demonstrably relaunches a PUBLIC API program: cite live docs URL + successful unauthenticated probe of the docs, and record the revocation in this file and in the curation ledger.",junk-recheck-w2
swaggerhub.pgaldamez,api.ecommerce,junk-or-private,junk-confirmed (junk-recheck-w2 2026-08-05): swaggerhub-scratch,2026-08-06,"Only if the vendor demonstrably relaunches a PUBLIC API program: cite live docs URL + successful unauthenticated probe of the docs, and record the revocation in this file and in the curation ledger.",junk-recheck-w2
swaggerhub.pgaldamez,api.keymanagement,junk-or-private,junk-confirmed (junk-recheck-w2 2026-08-05): swaggerhub-scratch,2026-08-06,"Only if the vendor demonstrably relaunches a PUBLIC API program: cite live docs URL + successful unauthenticated probe of the docs, and record the revocation in this file and in the curation ledger.",junk-recheck-w2
swaggerhub.pgaldamez,api.validate,junk-or-private,junk-confirmed (junk-recheck-w2 2026-08-05): swaggerhub-scratch,2026-08-06,"Only if the vendor demonstrably relaunches a PUBLIC API program: cite live docs URL + successful unauthenticated probe of the docs, and record the revocation in this file and in the curation ledger.",junk-recheck-w2
swaggerhub.prasad-venkatraman,account-ingestion-nab,junk-or-private,junk-confirmed (junk-recheck-w2 2026-08-05): swaggerhub-scratch,2026-08-06,"Only if the vendor demonstrably relaunches a PUBLIC API program: cite live docs URL + successful unauthenticated probe of the docs, and record the revocation in this file and in the curation ledger.",junk-recheck-w2
swaggerhub.prasad-venkatraman,account-transactions-cashdigi-info,junk-or-private,junk-confirmed (junk-recheck-w2 2026-08-05): swaggerhub-scratch,2026-08-06,"Only if the vendor demonstrably relaunches a PUBLIC API program: cite live docs URL + successful unauthenticated probe of the docs, and record the revocation in this file and in the curation ledger.",junk-recheck-w2
swaggerhub.procesar,admoncuenta-concluirunificacionimss,junk-or-private,private-confirmed (junk-recheck-w2 2026-08-05): Procesar (Mexican SAR retirement-account processor) internal account-admin API; not public,2026-08-06,"Only if the vendor demonstrably relaunches a PUBLIC API program: cite live docs URL + successful unauthenticated probe of the docs, and record the revocation in this file and in the curation ledger.",junk-recheck-w2
swaggerhub.procesar,admoncuenta-consultacurpdatostrabajador,junk-or-private,private-confirmed (junk-recheck-w2 2026-08-05): Procesar (Mexican SAR retirement-account processor) internal account-admin API; not public,2026-08-06,"Only if the vendor demonstrably relaunches a PUBLIC API program: cite live docs URL + successful unauthenticated probe of the docs, and record the revocation in this file and in the curation ledger.",junk-recheck-w2
swaggerhub.procesar,admoncuenta-notificacionbuzonsar,junk-or-private,private-confirmed (junk-recheck-w2 2026-08-05): Procesar (Mexican SAR retirement-account processor) internal account-admin API; not public,2026-08-06,"Only if the vendor demonstrably relaunches a PUBLIC API program: cite live docs URL + successful unauthenticated probe of the docs, and record the revocation in this file and in the curation ledger.",junk-recheck-w2
swaggerhub.procesar,admoncuenta-separacioncuentas-notificarposiblesepa,junk-or-private,private-confirmed (junk-recheck-w2 2026-08-05): Procesar (Mexican SAR retirement-account processor) internal account-admin API; not public,2026-08-06,"Only if the vendor demonstrably relaunches a PUBLIC API program: cite live docs URL + successful unauthenticated probe of the docs, and record the revocation in this file and in the curation ledger.",junk-recheck-w2
swaggerhub.procesar,admoncuenta-solicitudregistrourl,junk-or-private,private-confirmed (junk-recheck-w2 2026-08-05): Procesar (Mexican SAR retirement-account processor) internal account-admin API; not public,2026-08-06,"Only if the vendor demonstrably relaunches a PUBLIC API program: cite live docs URL + successful unauthenticated probe of the docs, and record the revocation in this file and in the curation ledger.",junk-recheck-w2
swaggerhub.procesar,admoncuenta-trabajadornoafiliado,junk-or-private,private-confirmed (junk-recheck-w2 2026-08-05): Procesar (Mexican SAR retirement-account processor) internal account-admin API; not public,2026-08-06,"Only if the vendor demonstrably relaunches a PUBLIC API program: cite live docs URL + successful unauthenticated probe of the docs, and record the revocation in this file and in the curation ledger.",junk-recheck-w2
swaggerhub.procesar,admoncuenta-unificacionesmixtasunificarcuentaactiv,junk-or-private,private-confirmed (junk-recheck-w2 2026-08-05): Procesar (Mexican SAR retirement-account processor) internal account-admin API; not public,2026-08-06,"Only if the vendor demonstrably relaunches a PUBLIC API program: cite live docs URL + successful unauthenticated probe of the docs, and record the revocation in this file and in the curation ledger.",junk-recheck-w2
swaggerhub.procesar,admoncuenta-urlrecibirdatos,junk-or-private,private-confirmed (junk-recheck-w2 2026-08-05): Procesar (Mexican SAR retirement-account processor) internal account-admin API; not public,2026-08-06,"Only if the vendor demonstrably relaunches a PUBLIC API program: cite live docs URL + successful unauthenticated probe of the docs, and record the revocation in this file and in the curation ledger.",junk-recheck-w2
swaggerhub.procesar,admoncuenta-urlregistrartrabajador,junk-or-private,private-confirmed (junk-recheck-w2 2026-08-05): Procesar (Mexican SAR retirement-account processor) internal account-admin API; not public,2026-08-06,"Only if the vendor demonstrably relaunches a PUBLIC API program: cite live docs URL + successful unauthenticated probe of the docs, and record the revocation in this file and in the curation ledger.",junk-recheck-w2
swaggerhub.procesar,admoncuenta-verificaciondatoscontacto,junk-or-private,private-confirmed (junk-recheck-w2 2026-08-05): Procesar (Mexican SAR retirement-account processor) internal account-admin API; not public,2026-08-06,"Only if the vendor demonstrably relaunches a PUBLIC API program: cite live docs URL + successful unauthenticated probe of the docs, and record the revocation in this file and in the curation ledger.",junk-recheck-w2
swaggerhub.procesar,biometricos-consultaestatusbiometria,junk-or-private,private-confirmed (junk-recheck-w2 2026-08-05): internal/partner SAR pension biometrics API,2026-08-06,"Only if the vendor demonstrably relaunches a PUBLIC API program: cite live docs URL + successful unauthenticated probe of the docs, and record the revocation in this file and in the curation ledger.",junk-recheck-w2
swaggerhub.procesar,biometricos-documentosextracciondatos,junk-or-private,private-confirmed (junk-recheck-w2 2026-08-05): internal/partner SAR pension biometrics API,2026-08-06,"Only if the vendor demonstrably relaunches a PUBLIC API program: cite live docs URL + successful unauthenticated probe of the docs, and record the revocation in this file and in the curation ledger.",junk-recheck-w2
swaggerhub.procesar,biometricos-documentosvalidacion,junk-or-private,private-confirmed (junk-recheck-w2 2026-08-05): internal/partner SAR pension biometrics API,2026-08-06,"Only if the vendor demonstrably relaunches a PUBLIC API program: cite live docs URL + successful unauthenticated probe of the docs, and record the revocation in this file and in the curation ledger.",junk-recheck-w2
swaggerhub.procesar,biometricos-enrolamientodactilar,junk-or-private,private-confirmed (junk-recheck-w2 2026-08-05): internal/partner SAR pension biometrics API,2026-08-06,"Only if the vendor demonstrably relaunches a PUBLIC API program: cite live docs URL + successful unauthenticated probe of the docs, and record the revocation in this file and in the curation ledger.",junk-recheck-w2
swaggerhub.procesar,biometricos-selfievsexpeidentificacion,junk-or-private,private-confirmed (junk-recheck-w2 2026-08-05): internal/partner SAR pension biometrics API,2026-08-06,"Only if the vendor demonstrably relaunches a PUBLIC API program: cite live docs URL + successful unauthenticated probe of the docs, and record the revocation in this file and in the curation ledger.",junk-recheck-w2
swaggerhub.procesar,biometricos-selfievsfotoenrolada,junk-or-private,private-confirmed (junk-recheck-w2 2026-08-05): internal/partner SAR pension biometrics API,2026-08-06,"Only if the vendor demonstrably relaunches a PUBLIC API program: cite live docs URL + successful unauthenticated probe of the docs, and record the revocation in this file and in the curation ledger.",junk-recheck-w2
swaggerhub.procesar,biometricos-selfievsotroexpe,junk-or-private,private-confirmed (junk-recheck-w2 2026-08-05): internal/partner SAR pension biometrics API,2026-08-06,"Only if the vendor demonstrably relaunches a PUBLIC API program: cite live docs URL + successful unauthenticated probe of the docs, and record the revocation in this file and in the curation ledger.",junk-recheck-w2
swaggerhub.procesar,biometricos-selfievsselfie,junk-or-private,private-confirmed (junk-recheck-w2 2026-08-05): internal/partner SAR pension biometrics API,2026-08-06,"Only if the vendor demonstrably relaunches a PUBLIC API program: cite live docs URL + successful unauthenticated probe of the docs, and record the revocation in this file and in the curation ledger.",junk-recheck-w2
swaggerhub.procesar,biometricos-validaciondatosusuario,junk-or-private,private-confirmed (junk-recheck-w2 2026-08-05): internal/partner SAR pension biometrics API,2026-08-06,"Only if the vendor demonstrably relaunches a PUBLIC API program: cite live docs URL + successful unauthenticated probe of the docs, and record the revocation in this file and in the curation ledger.",junk-recheck-w2
swaggerhub.procesar,biometricos-validacionfacialsello,junk-or-private,private-confirmed (junk-recheck-w2 2026-08-05): internal/partner SAR pension biometrics API,2026-08-06,"Only if the vendor demonstrably relaunches a PUBLIC API program: cite live docs URL + successful unauthenticated probe of the docs, and record the revocation in this file and in the curation ledger.",junk-recheck-w2
swaggerhub.procesar,biometricos-validacionfacialuniversal,junk-or-private,private-confirmed (junk-recheck-w2 2026-08-05): internal/partner SAR pension biometrics API,2026-08-06,"Only if the vendor demonstrably relaunches a PUBLIC API program: cite live docs URL + successful unauthenticated probe of the docs, and record the revocation in this file and in the curation ledger.",junk-recheck-w2
swaggerhub.procesar,biometricos-validacionpruebavidafacial,junk-or-private,private-confirmed (junk-recheck-w2 2026-08-05): internal/partner SAR pension biometrics API,2026-08-06,"Only if the vendor demonstrably relaunches a PUBLIC API program: cite live docs URL + successful unauthenticated probe of the docs, and record the revocation in this file and in the curation ledger.",junk-recheck-w2
swaggerhub.procesar,biometricos-verificaciondactilar-4huellas,junk-or-private,private-confirmed (junk-recheck-w2 2026-08-05): internal/partner SAR pension biometrics API,2026-08-06,"Only if the vendor demonstrably relaunches a PUBLIC API program: cite live docs URL + successful unauthenticated probe of the docs, and record the revocation in this file and in the curation ledger.",junk-recheck-w2
swaggerhub.procesar1,admoncuenta-conformacionexpediente,junk-or-private,private-confirmed (junk-recheck-w2 2026-08-05): internal/partner SAR account-administration API,2026-08-06,"Only if the vendor demonstrably relaunches a PUBLIC API program: cite live docs URL + successful unauthenticated probe of the docs, and record the revocation in this file and in the curation ledger.",junk-recheck-w2
swaggerhub.procesar1,admoncuenta-expedienteidentificacionop33,junk-or-private,private-confirmed (junk-recheck-w2 2026-08-05): internal/partner SAR account-administration API,2026-08-06,"Only if the vendor demonstrably relaunches a PUBLIC API program: cite live docs URL + successful unauthenticated probe of the docs, and record the revocation in this file and in the curation ledger.",junk-recheck-w2
swaggerhub.procesar1,admoncuenta-posibleduplicadorespuestaconfronta,junk-or-private,private-confirmed (junk-recheck-w2 2026-08-05): internal/partner SAR account-administration API,2026-08-06,"Only if the vendor demonstrably relaunches a PUBLIC API program: cite live docs URL + successful unauthenticated probe of the docs, and record the revocation in this file and in the curation ledger.",junk-recheck-w2
swaggerhub.procesar1,admoncuenta-prevalidadorregistro,junk-or-private,private-confirmed (junk-recheck-w2 2026-08-05): internal/partner SAR account-administration API,2026-08-06,"Only if the vendor demonstrably relaunches a PUBLIC API program: cite live docs URL + successful unauthenticated probe of the docs, and record the revocation in this file and in the curation ledger.",junk-recheck-w2
swaggerhub.procesar1,admoncuenta-respuestaaclaracionqueja,junk-or-private,private-confirmed (junk-recheck-w2 2026-08-05): internal/partner SAR account-administration API,2026-08-06,"Only if the vendor demonstrably relaunches a PUBLIC API program: cite live docs URL + successful unauthenticated probe of the docs, and record the revocation in this file and in the curation ledger.",junk-recheck-w2
swaggerhub.procesar1,admoncuenta-separacioncuentas-bajacurp,junk-or-private,private-confirmed (junk-recheck-w2 2026-08-05): internal/partner SAR account-administration API,2026-08-06,"Only if the vendor demonstrably relaunches a PUBLIC API program: cite live docs URL + successful unauthenticated probe of the docs, and record the revocation in this file and in the curation ledger.",junk-recheck-w2
swaggerhub.procesar1,admoncuenta-separacioncuentas-registrotrabajador,junk-or-private,private-confirmed (junk-recheck-w2 2026-08-05): internal/partner SAR account-administration API,2026-08-06,"Only if the vendor demonstrably relaunches a PUBLIC API program: cite live docs URL + successful unauthenticated probe of the docs, and record the revocation in this file and in the curation ledger.",junk-recheck-w2
swaggerhub.procesar1,admoncuenta-separacioncuentas-solicitudconclusion,junk-or-private,private-confirmed (junk-recheck-w2 2026-08-05): internal/partner SAR account-administration API,2026-08-06,"Only if the vendor demonstrably relaunches a PUBLIC API program: cite live docs URL + successful unauthenticated probe of the docs, and record the revocation in this file and in the curation ledger.",junk-recheck-w2
swaggerhub.procesar1,admoncuenta-separacioncuentas-solicitudmarca,junk-or-private,private-confirmed (junk-recheck-w2 2026-08-05): internal/partner SAR account-administration API,2026-08-06,"Only if the vendor demonstrably relaunches a PUBLIC API program: cite live docs URL + successful unauthenticated probe of the docs, and record the revocation in this file and in the curation ledger.",junk-recheck-w2
swaggerhub.procesar1,admoncuenta-separacioncuentas-solicitudtraspasoop3,junk-or-private,private-confirmed (junk-recheck-w2 2026-08-05): internal/partner SAR account-administration API,2026-08-06,"Only if the vendor demonstrably relaunches a PUBLIC API program: cite live docs URL + successful unauthenticated probe of the docs, and record the revocation in this file and in the curation ledger.",junk-recheck-w2
swaggerhub.procesar1,admoncuenta-separacioncuentasresultadoconfronta,junk-or-private,private-confirmed (junk-recheck-w2 2026-08-05): internal/partner SAR account-administration API,2026-08-06,"Only if the vendor demonstrably relaunches a PUBLIC API program: cite live docs URL + successful unauthenticated probe of the docs, and record the revocation in this file and in the curation ledger.",junk-recheck-w2
swaggerhub.procesar1,admoncuenta-solicitud-modificaciondatos,junk-or-private,private-confirmed (junk-recheck-w2 2026-08-05): internal/partner SAR account-administration API,2026-08-06,"Only if the vendor demonstrably relaunches a PUBLIC API program: cite live docs URL + successful unauthenticated probe of the docs, and record the revocation in this file and in the curation ledger.",junk-recheck-w2
swaggerhub.procesar1,admoncuenta-trabajador-consultacurp,junk-or-private,private-confirmed (junk-recheck-w2 2026-08-05): internal/partner SAR account-administration API,2026-08-06,"Only if the vendor demonstrably relaunches a PUBLIC API program: cite live docs URL + successful unauthenticated probe of the docs, and record the revocation in this file and in the curation ledger.",junk-recheck-w2
swaggerhub.procesar1,admoncuenta-unificacionesmixtassolicitudunificacio,junk-or-private,private-confirmed (junk-recheck-w2 2026-08-05): internal/partner SAR account-administration API,2026-08-06,"Only if the vendor demonstrably relaunches a PUBLIC API program: cite live docs URL + successful unauthenticated probe of the docs, and record the revocation in this file and in the curation ledger.",junk-recheck-w2
swaggerhub.procesar1,admoncuenta-unificaionesmixtasenviorespuesta,junk-or-private,private-confirmed (junk-recheck-w2 2026-08-05): internal/partner SAR account-administration API,2026-08-06,"Only if the vendor demonstrably relaunches a PUBLIC API program: cite live docs URL + successful unauthenticated probe of the docs, and record the revocation in this file and in the curation ledger.",junk-recheck-w2
swaggerhub.procesar1,biometricos-mesaaclaracionescorreccionenrolamiento,junk-or-private,private-confirmed (junk-recheck-w2 2026-08-05): internal/partner SAR pension biometrics API,2026-08-06,"Only if the vendor demonstrably relaunches a PUBLIC API program: cite live docs URL + successful unauthenticated probe of the docs, and record the revocation in this file and in the curation ledger.",junk-recheck-w2
swaggerhub.procesar1,biometricos-mesaaclaracionesdesviacionprobable,junk-or-private,private-confirmed (junk-recheck-w2 2026-08-05): internal/partner SAR pension biometrics API,2026-08-06,"Only if the vendor demonstrably relaunches a PUBLIC API program: cite live docs URL + successful unauthenticated probe of the docs, and record the revocation in this file and in the curation ledger.",junk-recheck-w2
swaggerhub.procesar1,biometricos-recuperacionnip,junk-or-private,private-confirmed (junk-recheck-w2 2026-08-05): internal/partner SAR pension biometrics API,2026-08-06,"Only if the vendor demonstrably relaunches a PUBLIC API program: cite live docs URL + successful unauthenticated probe of the docs, and record the revocation in this file and in the curation ledger.",junk-recheck-w2
swaggerhub.procesar1,biometricos-validacionfirmaelectronica,junk-or-private,private-confirmed (junk-recheck-w2 2026-08-05): internal/partner SAR pension biometrics API,2026-08-06,"Only if the vendor demonstrably relaunches a PUBLIC API program: cite live docs URL + successful unauthenticated probe of the docs, and record the revocation in this file and in the curation ledger.",junk-recheck-w2
swaggerhub.qsi-swagger,api-atendente-web,junk-or-private,junk-confirmed (junk-recheck-w2 2026-08-05): swaggerhub-scratch,2026-08-06,"Only if the vendor demonstrably relaunches a PUBLIC API program: cite live docs URL + successful unauthenticated probe of the docs, and record the revocation in this file and in the curation ledger.",junk-recheck-w2
swaggerhub.qsi-swagger,api-atttendance-energisa,junk-or-private,junk-confirmed (junk-recheck-w2 2026-08-05): swaggerhub-scratch,2026-08-06,"Only if the vendor demonstrably relaunches a PUBLIC API program: cite live docs URL + successful unauthenticated probe of the docs, and record the revocation in this file and in the curation ledger.",junk-recheck-w2
swaggerhub.qsi-swagger,app-client-api,junk-or-private,junk-confirmed (junk-recheck-w2 2026-08-05): swaggerhub-scratch,2026-08-06,"Only if the vendor demonstrably relaunches a PUBLIC API program: cite live docs URL + successful unauthenticated probe of the docs, and record the revocation in this file and in the curation ledger.",junk-recheck-w2
swaggerhub.quiputech,api.osm,junk-or-private,junk-confirmed (junk-recheck-w2 2026-08-05): swaggerhub-scratch,2026-08-06,"Only if the vendor demonstrably relaunches a PUBLIC API program: cite live docs URL + successful unauthenticated probe of the docs, and record the revocation in this file and in the curation ledger.",junk-recheck-w2
swaggerhub.quiputech,api.visadirect,junk-or-private,junk-confirmed (junk-recheck-w2 2026-08-05): swaggerhub-scratch,2026-08-06,"Only if the vendor demonstrably relaunches a PUBLIC API program: cite live docs URL + successful unauthenticated probe of the docs, and record the revocation in this file and in the curation ledger.",junk-recheck-w2
swaggerhub.racsystems,aplicativo-vendas,junk-or-private,junk-confirmed (junk-recheck-w2 2026-08-05): swaggerhub-scratch,2026-08-06,"Only if the vendor demonstrably relaunches a PUBLIC API program: cite live docs URL + successful unauthenticated probe of the docs, and record the revocation in this file and in the curation ledger.",junk-recheck-w2
swaggerhub.ram.grandhi,apis-for-apis-admin,junk-or-private,junk-confirmed (junk-recheck-w2 2026-08-05): swaggerhub-scratch,2026-08-06,"Only if the vendor demonstrably relaunches a PUBLIC API program: cite live docs URL + successful unauthenticated probe of the docs, and record the revocation in this file and in the curation ledger.",junk-recheck-w2
swaggerhub.ram.grandhi,apis-for-apis-publisher,junk-or-private,junk-confirmed (junk-recheck-w2 2026-08-05): swaggerhub-scratch,2026-08-06,"Only if the vendor demonstrably relaunches a PUBLIC API program: cite live docs URL + successful unauthenticated probe of the docs, and record the revocation in this file and in the curation ledger.",junk-recheck-w2
swaggerhub.ram.grandhi,apis-for-apis-store,junk-or-private,junk-confirmed (junk-recheck-w2 2026-08-05): swaggerhub-scratch,2026-08-06,"Only if the vendor demonstrably relaunches a PUBLIC API program: cite live docs URL + successful unauthenticated probe of the docs, and record the revocation in this file and in the curation ledger.",junk-recheck-w2
swaggerhub.resharmonics-apis,accountapihttp,junk-or-private,junk-confirmed (junk-recheck-w2 2026-08-05): swaggerhub-scratch,2026-08-06,"Only if the vendor demonstrably relaunches a PUBLIC API program: cite live docs URL + successful unauthenticated probe of the docs, and record the revocation in this file and in the curation ledger.",junk-recheck-w2
swaggerhub.resharmonics-apis,accountingapihttpreceiver,junk-or-private,junk-confirmed (junk-recheck-w2 2026-08-05): swaggerhub-scratch,2026-08-06,"Only if the vendor demonstrably relaunches a PUBLIC API program: cite live docs URL + successful unauthenticated probe of the docs, and record the revocation in this file and in the curation ledger.",junk-recheck-w2
swaggerhub.rjericho,alerter,junk-or-private,junk-confirmed (junk-recheck-w2 2026-08-05): swaggerhub-scratch,2026-08-06,"Only if the vendor demonstrably relaunches a PUBLIC API program: cite live docs URL + successful unauthenticated probe of the docs, and record the revocation in this file and in the curation ledger.",junk-recheck-w2
swaggerhub.rjericho,bitzor,junk-or-private,junk-confirmed (junk-recheck-w2 2026-08-05): swaggerhub-scratch,2026-08-06,"Only if the vendor demonstrably relaunches a PUBLIC API program: cite live docs URL + successful unauthenticated probe of the docs, and record the revocation in this file and in the curation ledger.",junk-recheck-w2
swaggerhub.romankubasov,apiwelbexserviceusers,junk-or-private,junk-confirmed (junk-recheck-w2 2026-08-05): swaggerhub-scratch,2026-08-06,"Only if the vendor demonstrably relaunches a PUBLIC API program: cite live docs URL + successful unauthenticated probe of the docs, and record the revocation in this file and in the curation ledger.",junk-recheck-w2
swaggerhub.salesautowaysnet,autonow-it,junk-or-private,junk-confirmed (junk-recheck-w2 2026-08-05): swaggerhub-scratch,2026-08-06,"Only if the vendor demonstrably relaunches a PUBLIC API program: cite live docs URL + successful unauthenticated probe of the docs, and record the revocation in this file and in the curation ledger.",junk-recheck-w2
swaggerhub.salesautowaysnet,autonow-pt,junk-or-private,junk-confirmed (junk-recheck-w2 2026-08-05): swaggerhub-scratch,2026-08-06,"Only if the vendor demonstrably relaunches a PUBLIC API program: cite live docs URL + successful unauthenticated probe of the docs, and record the revocation in this file and in the curation ledger.",junk-recheck-w2
swaggerhub.sandipchandra,accountsapi,junk-or-private,junk-confirmed (junk-recheck-w2 2026-08-05): swaggerhub-scratch,2026-08-06,"Only if the vendor demonstrably relaunches a PUBLIC API program: cite live docs URL + successful unauthenticated probe of the docs, and record the revocation in this file and in the curation ledger.",junk-recheck-w2
swaggerhub.santanense,apis-ematex,junk-or-private,junk-confirmed (junk-recheck-w2 2026-08-05): swaggerhub-scratch,2026-08-06,"Only if the vendor demonstrably relaunches a PUBLIC API program: cite live docs URL + successful unauthenticated probe of the docs, and record the revocation in this file and in the curation ledger.",junk-recheck-w2
swaggerhub.santanense,apis-santanense,junk-or-private,junk-confirmed (junk-recheck-w2 2026-08-05): swaggerhub-scratch,2026-08-06,"Only if the vendor demonstrably relaunches a PUBLIC API program: cite live docs URL + successful unauthenticated probe of the docs, and record the revocation in this file and in the curation ledger.",junk-recheck-w2
swaggerhub.scalalearning,api-pagos-inscripcion,junk-or-private,junk-confirmed (junk-recheck-w2 2026-08-05): swaggerhub-scratch,2026-08-06,"Only if the vendor demonstrably relaunches a PUBLIC API program: cite live docs URL + successful unauthenticated probe of the docs, and record the revocation in this file and in the curation ledger.",junk-recheck-w2
swaggerhub.semcompany-ae4,apicontatos,junk-or-private,junk-confirmed (junk-recheck-w2 2026-08-05): swaggerhub-scratch,2026-08-06,"Only if the vendor demonstrably relaunches a PUBLIC API program: cite live docs URL + successful unauthenticated probe of the docs, and record the revocation in this file and in the curation ledger.",junk-recheck-w2
swaggerhub.semcompany-ae4,apicontatos2,junk-or-private,junk-confirmed (junk-recheck-w2 2026-08-05): swaggerhub-scratch,2026-08-06,"Only if the vendor demonstrably relaunches a PUBLIC API program: cite live docs URL + successful unauthenticated probe of the docs, and record the revocation in this file and in the curation ledger.",junk-recheck-w2
swaggerhub.siegmergius,accounts,junk-or-private,junk-confirmed (junk-recheck-w2 2026-08-05): swaggerhub-scratch,2026-08-06,"Only if the vendor demonstrably relaunches a PUBLIC API program: cite live docs URL + successful unauthenticated probe of the docs, and record the revocation in this file and in the curation ledger.",junk-recheck-w2
swaggerhub.siegmergius,authenticate,junk-or-private,junk-confirmed (junk-recheck-w2 2026-08-05): swaggerhub-scratch,2026-08-06,"Only if the vendor demonstrably relaunches a PUBLIC API program: cite live docs URL + successful unauthenticated probe of the docs, and record the revocation in this file and in the curation ledger.",junk-recheck-w2
swaggerhub.siegmergius,bills,junk-or-private,junk-confirmed (junk-recheck-w2 2026-08-05): swaggerhub-scratch,2026-08-06,"Only if the vendor demonstrably relaunches a PUBLIC API program: cite live docs URL + successful unauthenticated probe of the docs, and record the revocation in this file and in the curation ledger.",junk-recheck-w2
swaggerhub.smartersorting,boss-location-management,junk-or-private,junk-confirmed (junk-recheck-w2 2026-08-05): swaggerhub-scratch,2026-08-06,"Only if the vendor demonstrably relaunches a PUBLIC API program: cite live docs URL + successful unauthenticated probe of the docs, and record the revocation in this file and in the curation ledger.",junk-recheck-w2
swaggerhub.sura-panama,assistance-api,junk-or-private,junk-confirmed (junk-recheck-w2 2026-08-05): swaggerhub-scratch,2026-08-06,"Only if the vendor demonstrably relaunches a PUBLIC API program: cite live docs URL + successful unauthenticated probe of the docs, and record the revocation in this file and in the curation ledger.",junk-recheck-w2
swaggerhub.sura-panama,blobstore-api,junk-or-private,junk-confirmed (junk-recheck-w2 2026-08-05): swaggerhub-scratch,2026-08-06,"Only if the vendor demonstrably relaunches a PUBLIC API program: cite live docs URL + successful unauthenticated probe of the docs, and record the revocation in this file and in the curation ledger.",junk-recheck-w2
swaggerhub.susannah,anomaly-federal,junk-or-private,junk-confirmed (junk-recheck-w2 2026-08-05): swaggerhub-scratch,2026-08-06,"Only if the vendor demonstrably relaunches a PUBLIC API program: cite live docs URL + successful unauthenticated probe of the docs, and record the revocation in this file and in the curation ledger.",junk-recheck-w2
swaggerhub.susannah,anomaly-federal-aerial-api,junk-or-private,junk-confirmed (junk-recheck-w2 2026-08-05): swaggerhub-scratch,2026-08-06,"Only if the vendor demonstrably relaunches a PUBLIC API program: cite live docs URL + successful unauthenticated probe of the docs, and record the revocation in this file and in the curation ledger.",junk-recheck-w2
swaggerhub.swaggerquiputech,api.authorization,junk-or-private,junk-confirmed (junk-recheck-w2 2026-08-05): swaggerhub-scratch,2026-08-06,"Only if the vendor demonstrably relaunches a PUBLIC API program: cite live docs URL + successful unauthenticated probe of the docs, and record the revocation in this file and in the curation ledger.",junk-recheck-w2
swaggerhub.swaggerquiputech,api.mpos,junk-or-private,junk-confirmed (junk-recheck-w2 2026-08-05): swaggerhub-scratch,2026-08-06,"Only if the vendor demonstrably relaunches a PUBLIC API program: cite live docs URL + successful unauthenticated probe of the docs, and record the revocation in this file and in the curation ledger.",junk-recheck-w2
swaggerhub.swaggerquiputech,api.voucher,junk-or-private,junk-confirmed (junk-recheck-w2 2026-08-05): swaggerhub-scratch,2026-08-06,"Only if the vendor demonstrably relaunches a PUBLIC API program: cite live docs URL + successful unauthenticated probe of the docs, and record the revocation in this file and in the curation ledger.",junk-recheck-w2
swaggerhub.telkomdev-reva,baleku-reservation-service,junk-or-private,junk-confirmed (junk-recheck-w2 2026-08-05): swaggerhub-scratch,2026-08-06,"Only if the vendor demonstrably relaunches a PUBLIC API program: cite live docs URL + successful unauthenticated probe of the docs, and record the revocation in this file and in the curation ledger.",junk-recheck-w2
swaggerhub.tesistianonimi,api-swagger2-0,junk-or-private,junk-confirmed (junk-recheck-w2 2026-08-05): swaggerhub-scratch,2026-08-06,"Only if the vendor demonstrably relaunches a PUBLIC API program: cite live docs URL + successful unauthenticated probe of the docs, and record the revocation in this file and in the curation ledger.",junk-recheck-w2
swaggerhub.tesistianonimi,api-web-app-regione,junk-or-private,junk-confirmed (junk-recheck-w2 2026-08-05): swaggerhub-scratch,2026-08-06,"Only if the vendor demonstrably relaunches a PUBLIC API program: cite live docs URL + successful unauthenticated probe of the docs, and record the revocation in this file and in the curation ledger.",junk-recheck-w2
swaggerhub.test4364,apio-auth,junk-or-private,junk-confirmed (junk-recheck-w2 2026-08-05): swaggerhub-scratch,2026-08-06,"Only if the vendor demonstrably relaunches a PUBLIC API program: cite live docs URL + successful unauthenticated probe of the docs, and record the revocation in this file and in the curation ledger.",junk-recheck-w2
swaggerhub.test4364,apio-auth3,junk-or-private,junk-confirmed (junk-recheck-w2 2026-08-05): swaggerhub-scratch,2026-08-06,"Only if the vendor demonstrably relaunches a PUBLIC API program: cite live docs URL + successful unauthenticated probe of the docs, and record the revocation in this file and in the curation ledger.",junk-recheck-w2
swaggerhub.test4364,apio-auth4,junk-or-private,junk-confirmed (junk-recheck-w2 2026-08-05): swaggerhub-scratch,2026-08-06,"Only if the vendor demonstrably relaunches a PUBLIC API program: cite live docs URL + successful unauthenticated probe of the docs, and record the revocation in this file and in the curation ledger.",junk-recheck-w2
swaggerhub.testorg1233322,asyncapi-multisearch-request,junk-or-private,junk-confirmed (junk-recheck-w2 2026-08-05): swaggerhub-scratch,2026-08-06,"Only if the vendor demonstrably relaunches a PUBLIC API program: cite live docs URL + successful unauthenticated probe of the docs, and record the revocation in this file and in the curation ledger.",junk-recheck-w2
swaggerhub.testorg1233322,asyncapi-singlesearch-schemas,junk-or-private,junk-confirmed (junk-recheck-w2 2026-08-05): swaggerhub-scratch,2026-08-06,"Only if the vendor demonstrably relaunches a PUBLIC API program: cite live docs URL + successful unauthenticated probe of the docs, and record the revocation in this file and in the curation ledger.",junk-recheck-w2
swaggerhub.tomhatch,api-demo.juyo-intra.com,junk-or-private,junk-confirmed (junk-recheck-w2 2026-08-05): swaggerhub-scratch,2026-08-06,"Only if the vendor demonstrably relaunches a PUBLIC API program: cite live docs URL + successful unauthenticated probe of the docs, and record the revocation in this file and in the curation ledger.",junk-recheck-w2
swaggerhub.tomhatch,api-dev.juyo-intra.com,junk-or-private,junk-confirmed (junk-recheck-w2 2026-08-05): swaggerhub-scratch,2026-08-06,"Only if the vendor demonstrably relaunches a PUBLIC API program: cite live docs URL + successful unauthenticated probe of the docs, and record the revocation in this file and in the curation ledger.",junk-recheck-w2
swaggerhub.tralixrd,abnerapi,junk-or-private,junk-confirmed (junk-recheck-w2 2026-08-05): swaggerhub-scratch,2026-08-06,"Only if the vendor demonstrably relaunches a PUBLIC API program: cite live docs URL + successful unauthenticated probe of the docs, and record the revocation in this file and in the curation ledger.",junk-recheck-w2
swaggerhub.tralixrd,b2b-rest,junk-or-private,junk-confirmed (junk-recheck-w2 2026-08-05): swaggerhub-scratch,2026-08-06,"Only if the vendor demonstrably relaunches a PUBLIC API program: cite live docs URL + successful unauthenticated probe of the docs, and record the revocation in this file and in the curation ledger.",junk-recheck-w2
swaggerhub.trin,account,junk-or-private,junk-confirmed (junk-recheck-w2 2026-08-05): swaggerhub-scratch,2026-08-06,"Only if the vendor demonstrably relaunches a PUBLIC API program: cite live docs URL + successful unauthenticated probe of the docs, and record the revocation in this file and in the curation ledger.",junk-recheck-w2
swaggerhub.trin,assets,junk-or-private,junk-confirmed (junk-recheck-w2 2026-08-05): swaggerhub-scratch,2026-08-06,"Only if the vendor demonstrably relaunches a PUBLIC API program: cite live docs URL + successful unauthenticated probe of the docs, and record the revocation in this file and in the curation ledger.",junk-recheck-w2
swaggerhub.tsorfano,api-gbtp-boletos-de-terceiros,junk-or-private,junk-confirmed (junk-recheck-w2 2026-08-05): swaggerhub-scratch,2026-08-06,"Only if the vendor demonstrably relaunches a PUBLIC API program: cite live docs URL + successful unauthenticated probe of the docs, and record the revocation in this file and in the curation ledger.",junk-recheck-w2
swaggerhub.tsp7,agente-virtual-tsp,junk-or-private,junk-confirmed (junk-recheck-w2 2026-08-05): swaggerhub-scratch,2026-08-06,"Only if the vendor demonstrably relaunches a PUBLIC API program: cite live docs URL + successful unauthenticated probe of the docs, and record the revocation in this file and in the curation ledger.",junk-recheck-w2
swaggerhub.usac93,ams,junk-or-private,junk-confirmed (junk-recheck-w2 2026-08-05): swaggerhub-scratch,2026-08-06,"Only if the vendor demonstrably relaunches a PUBLIC API program: cite live docs URL + successful unauthenticated probe of the docs, and record the revocation in this file and in the curation ledger.",junk-recheck-w2
swaggerhub.usac93,authentication,junk-or-private,junk-confirmed (junk-recheck-w2 2026-08-05): swaggerhub-scratch,2026-08-06,"Only if the vendor demonstrably relaunches a PUBLIC API program: cite live docs URL + successful unauthenticated probe of the docs, and record the revocation in this file and in the curation ledger.",junk-recheck-w2
swaggerhub.viking-sasquatch,24-seven-fees-estimates-experience-api,junk-or-private,junk-confirmed (junk-recheck-w2 2026-08-05): swaggerhub-scratch,2026-08-06,"Only if the vendor demonstrably relaunches a PUBLIC API program: cite live docs URL + successful unauthenticated probe of the docs, and record the revocation in this file and in the curation ledger.",junk-recheck-w2
swaggerhub.viking-sasquatch,24-seven-fees-ramquest-experience-api,junk-or-private,junk-confirmed (junk-recheck-w2 2026-08-05): swaggerhub-scratch,2026-08-06,"Only if the vendor demonstrably relaunches a PUBLIC API program: cite live docs URL + successful unauthenticated probe of the docs, and record the revocation in this file and in the curation ledger.",junk-recheck-w2
swaggerhub.viking-sasquatch,24-seven-fees-ui-experience-api,junk-or-private,junk-confirmed (junk-recheck-w2 2026-08-05): swaggerhub-scratch,2026-08-06,"Only if the vendor demonstrably relaunches a PUBLIC API program: cite live docs URL + successful unauthenticated probe of the docs, and record the revocation in this file and in the curation ledger.",junk-recheck-w2
swaggerhub.visanetperu,api-yape,junk-or-private,private-confirmed (junk-recheck-w2 2026-08-05): internal microservice spec (VisaNet Peru/Niubiz); public API is consolidated portal not this,2026-08-06,"Only if the vendor demonstrably relaunches a PUBLIC API program: cite live docs URL + successful unauthenticated probe of the docs, and record the revocation in this file and in the curation ledger.",junk-recheck-w2
swaggerhub.visanetperu,api.antifraud,junk-or-private,private-confirmed (junk-recheck-w2 2026-08-05): internal microservice spec (VisaNet Peru/Niubiz),2026-08-06,"Only if the vendor demonstrably relaunches a PUBLIC API program: cite live docs URL + successful unauthenticated probe of the docs, and record the revocation in this file and in the curation ledger.",junk-recheck-w2
swaggerhub.visanetperu,api.confirmation,junk-or-private,private-confirmed (junk-recheck-w2 2026-08-05): internal microservice spec (VisaNet Peru/Niubiz),2026-08-06,"Only if the vendor demonstrably relaunches a PUBLIC API program: cite live docs URL + successful unauthenticated probe of the docs, and record the revocation in this file and in the curation ledger.",junk-recheck-w2
swaggerhub.visanetperu,api.data.financial,junk-or-private,private-confirmed (junk-recheck-w2 2026-08-05): internal microservice spec (VisaNet Peru/Niubiz),2026-08-06,"Only if the vendor demonstrably relaunches a PUBLIC API program: cite live docs URL + successful unauthenticated probe of the docs, and record the revocation in this file and in the curation ledger.",junk-recheck-w2
swaggerhub.visanetperu,api.ecommerce,junk-or-private,private-confirmed (junk-recheck-w2 2026-08-05): internal microservice spec (VisaNet Peru/Niubiz),2026-08-06,"Only if the vendor demonstrably relaunches a PUBLIC API program: cite live docs URL + successful unauthenticated probe of the docs, and record the revocation in this file and in the curation ledger.",junk-recheck-w2
swaggerhub.visanetperu,api.keymanagement,junk-or-private,private-confirmed (junk-recheck-w2 2026-08-05): internal microservice spec (VisaNet Peru/Niubiz),2026-08-06,"Only if the vendor demonstrably relaunches a PUBLIC API program: cite live docs URL + successful unauthenticated probe of the docs, and record the revocation in this file and in the curation ledger.",junk-recheck-w2
swaggerhub.visanetperu,api.merchant,junk-or-private,private-confirmed (junk-recheck-w2 2026-08-05): internal microservice spec (VisaNet Peru/Niubiz),2026-08-06,"Only if the vendor demonstrably relaunches a PUBLIC API program: cite live docs URL + successful unauthenticated probe of the docs, and record the revocation in this file and in the curation ledger.",junk-recheck-w2
swaggerhub.visanetperu,api.order.management,junk-or-private,private-confirmed (junk-recheck-w2 2026-08-05): internal microservice spec (VisaNet Peru/Niubiz),2026-08-06,"Only if the vendor demonstrably relaunches a PUBLIC API program: cite live docs URL + successful unauthenticated probe of the docs, and record the revocation in this file and in the curation ledger.",junk-recheck-w2
swaggerhub.visanetperu,api.pagoefectivo,junk-or-private,private-confirmed (junk-recheck-w2 2026-08-05): internal microservice spec (VisaNet Peru/Niubiz),2026-08-06,"Only if the vendor demonstrably relaunches a PUBLIC API program: cite live docs URL + successful unauthenticated probe of the docs, and record the revocation in this file and in the curation ledger.",junk-recheck-w2
swaggerhub.visanetperu,api.recurrence.approverequest,junk-or-private,private-confirmed (junk-recheck-w2 2026-08-05): internal per-operation microservice spec (VisaNet Peru/Niubiz),2026-08-06,"Only if the vendor demonstrably relaunches a PUBLIC API program: cite live docs URL + successful unauthenticated probe of the docs, and record the revocation in this file and in the curation ledger.",junk-recheck-w2
swaggerhub.visanetperu,api.recurrence.changeproduct,junk-or-private,private-confirmed (junk-recheck-w2 2026-08-05): internal per-operation microservice spec (VisaNet Peru/Niubiz),2026-08-06,"Only if the vendor demonstrably relaunches a PUBLIC API program: cite live docs URL + successful unauthenticated probe of the docs, and record the revocation in this file and in the curation ledger.",junk-recheck-w2
swaggerhub.visanetperu,api.recurrence.deaffiliateproduct,junk-or-private,private-confirmed (junk-recheck-w2 2026-08-05): internal per-operation microservice spec (VisaNet Peru/Niubiz),2026-08-06,"Only if the vendor demonstrably relaunches a PUBLIC API program: cite live docs URL + successful unauthenticated probe of the docs, and record the revocation in this file and in the curation ledger.",junk-recheck-w2
swaggerhub.visanetperu,api.recurrence.getaffiliation,junk-or-private,private-confirmed (junk-recheck-w2 2026-08-05): internal per-operation microservice spec (VisaNet Peru/Niubiz),2026-08-06,"Only if the vendor demonstrably relaunches a PUBLIC API program: cite live docs URL + successful unauthenticated probe of the docs, and record the revocation in this file and in the curation ledger.",junk-recheck-w2
swaggerhub.visanetperu,api.recurrence.getaffiliationbyid,junk-or-private,private-confirmed (junk-recheck-w2 2026-08-05): internal per-operation microservice spec (VisaNet Peru/Niubiz),2026-08-06,"Only if the vendor demonstrably relaunches a PUBLIC API program: cite live docs URL + successful unauthenticated probe of the docs, and record the revocation in this file and in the curation ledger.",junk-recheck-w2
swaggerhub.visanetperu,api.recurrence.getbatch,junk-or-private,private-confirmed (junk-recheck-w2 2026-08-05): internal per-operation microservice spec (VisaNet Peru/Niubiz),2026-08-06,"Only if the vendor demonstrably relaunches a PUBLIC API program: cite live docs URL + successful unauthenticated probe of the docs, and record the revocation in this file and in the curation ledger.",junk-recheck-w2
swaggerhub.visanetperu,api.recurrence.getbatchbyid,junk-or-private,private-confirmed (junk-recheck-w2 2026-08-05): internal per-operation microservice spec (VisaNet Peru/Niubiz),2026-08-06,"Only if the vendor demonstrably relaunches a PUBLIC API program: cite live docs URL + successful unauthenticated probe of the docs, and record the revocation in this file and in the curation ledger.",junk-recheck-w2
swaggerhub.visanetperu,api.recurrence.getchargebyid,junk-or-private,private-confirmed (junk-recheck-w2 2026-08-05): internal per-operation microservice spec (VisaNet Peru/Niubiz),2026-08-06,"Only if the vendor demonstrably relaunches a PUBLIC API program: cite live docs URL + successful unauthenticated probe of the docs, and record the revocation in this file and in the curation ledger.",junk-recheck-w2
swaggerhub.visanetperu,api.recurrence.getproductsbymerchantid,junk-or-private,private-confirmed (junk-recheck-w2 2026-08-05): internal per-operation microservice spec (VisaNet Peru/Niubiz),2026-08-06,"Only if the vendor demonstrably relaunches a PUBLIC API program: cite live docs URL + successful unauthenticated probe of the docs, and record the revocation in this file and in the curation ledger.",junk-recheck-w2
swaggerhub.visanetperu,api.recurrence.modifyaffiliated,junk-or-private,private-confirmed (junk-recheck-w2 2026-08-05): internal per-operation microservice spec (VisaNet Peru/Niubiz),2026-08-06,"Only if the vendor demonstrably relaunches a PUBLIC API program: cite live docs URL + successful unauthenticated probe of the docs, and record the revocation in this file and in the curation ledger.",junk-recheck-w2
swaggerhub.visanetperu,api.recurrence.modifycharge,junk-or-private,private-confirmed (junk-recheck-w2 2026-08-05): internal per-operation microservice spec (VisaNet Peru/Niubiz),2026-08-06,"Only if the vendor demonstrably relaunches a PUBLIC API program: cite live docs URL + successful unauthenticated probe of the docs, and record the revocation in this file and in the curation ledger.",junk-recheck-w2
swaggerhub.visanetperu,api.recurrence.registerproduct,junk-or-private,private-confirmed (junk-recheck-w2 2026-08-05): internal per-operation microservice spec (VisaNet Peru/Niubiz),2026-08-06,"Only if the vendor demonstrably relaunches a PUBLIC API program: cite live docs URL + successful unauthenticated probe of the docs, and record the revocation in this file and in the curation ledger.",junk-recheck-w2
swaggerhub.visanetperu,api.recurrence.requestproduct,junk-or-private,private-confirmed (junk-recheck-w2 2026-08-05): internal per-operation microservice spec (VisaNet Peru/Niubiz),2026-08-06,"Only if the vendor demonstrably relaunches a PUBLIC API program: cite live docs URL + successful unauthenticated probe of the docs, and record the revocation in this file and in the curation ledger.",junk-recheck-w2
swaggerhub.visanetperu,api.recurrence.suspendcharge,junk-or-private,private-confirmed (junk-recheck-w2 2026-08-05): internal per-operation microservice spec (VisaNet Peru/Niubiz),2026-08-06,"Only if the vendor demonstrably relaunches a PUBLIC API program: cite live docs URL + successful unauthenticated probe of the docs, and record the revocation in this file and in the curation ledger.",junk-recheck-w2
swaggerhub.visanetperu,api.security,junk-or-private,private-confirmed (junk-recheck-w2 2026-08-05): internal microservice spec (VisaNet Peru/Niubiz),2026-08-06,"Only if the vendor demonstrably relaunches a PUBLIC API program: cite live docs URL + successful unauthenticated probe of the docs, and record the revocation in this file and in the curation ledger.",junk-recheck-w2
swaggerhub.visanetperu,api.tokenization,junk-or-private,private-confirmed (junk-recheck-w2 2026-08-05): internal microservice spec (VisaNet Peru/Niubiz),2026-08-06,"Only if the vendor demonstrably relaunches a PUBLIC API program: cite live docs URL + successful unauthenticated probe of the docs, and record the revocation in this file and in the curation ledger.",junk-recheck-w2
swaggerhub.visanetperu,api.updater.visanet,junk-or-private,private-confirmed (junk-recheck-w2 2026-08-05): internal microservice spec (VisaNet Peru/Niubiz),2026-08-06,"Only if the vendor demonstrably relaunches a PUBLIC API program: cite live docs URL + successful unauthenticated probe of the docs, and record the revocation in this file and in the curation ledger.",junk-recheck-w2
swaggerhub.visanetperu,api.visanet.autorizathion.recurrence,junk-or-private,private-confirmed (junk-recheck-w2 2026-08-05): internal microservice spec typo-named (VisaNet Peru/Niubiz),2026-08-06,"Only if the vendor demonstrably relaunches a PUBLIC API program: cite live docs URL + successful unauthenticated probe of the docs, and record the revocation in this file and in the curation ledger.",junk-recheck-w2
swaggerhub.visanetperu,api.visanet.validate,junk-or-private,private-confirmed (junk-recheck-w2 2026-08-05): internal microservice spec (VisaNet Peru/Niubiz),2026-08-06,"Only if the vendor demonstrably relaunches a PUBLIC API program: cite live docs URL + successful unauthenticated probe of the docs, and record the revocation in this file and in the curation ledger.",junk-recheck-w2
swaggerhub.vonix-tecnologia,api-billing-calls,junk-or-private,private-confirmed (junk-recheck-w2 2026-08-05): internal API; Vonix is a contact-center vendor with no public self-serve API program,2026-08-06,"Only if the vendor demonstrably relaunches a PUBLIC API program: cite live docs URL + successful unauthenticated probe of the docs, and record the revocation in this file and in the curation ledger.",junk-recheck-w2
swaggerhub.vonix-tecnologia,api-summaries,junk-or-private,private-confirmed (junk-recheck-w2 2026-08-05): internal API; Vonix is a contact-center vendor with no public self-serve API program,2026-08-06,"Only if the vendor demonstrably relaunches a PUBLIC API program: cite live docs URL + successful unauthenticated probe of the docs, and record the revocation in this file and in the curation ledger.",junk-recheck-w2
swaggerhub.waikit-1,api-v1,junk-or-private,junk-confirmed (junk-recheck-w2 2026-08-05): swaggerhub-scratch,2026-08-06,"Only if the vendor demonstrably relaunches a PUBLIC API program: cite live docs URL + successful unauthenticated probe of the docs, and record the revocation in this file and in the curation ledger.",junk-recheck-w2
swaggerhub.waikit-1,apiv,junk-or-private,junk-confirmed (junk-recheck-w2 2026-08-05): swaggerhub-scratch,2026-08-06,"Only if the vendor demonstrably relaunches a PUBLIC API program: cite live docs URL + successful unauthenticated probe of the docs, and record the revocation in this file and in the curation ledger.",junk-recheck-w2
swaggerhub.wwg-integration,3pl,junk-or-private,junk-confirmed (junk-recheck-w2 2026-08-05): swaggerhub-scratch,2026-08-06,"Only if the vendor demonstrably relaunches a PUBLIC API program: cite live docs URL + successful unauthenticated probe of the docs, and record the revocation in this file and in the curation ledger.",junk-recheck-w2
swaggerhub.wwg-integration,b2b,junk-or-private,junk-confirmed (junk-recheck-w2 2026-08-05): swaggerhub-scratch,2026-08-06,"Only if the vendor demonstrably relaunches a PUBLIC API program: cite live docs URL + successful unauthenticated probe of the docs, and record the revocation in this file and in the curation ledger.",junk-recheck-w2
swaggerhub.wwwadzapi,api-mod-materials,junk-or-private,junk-confirmed (junk-recheck-w2 2026-08-05): swaggerhub-scratch,2026-08-06,"Only if the vendor demonstrably relaunches a PUBLIC API program: cite live docs URL + successful unauthenticated probe of the docs, and record the revocation in this file and in the curation ledger.",junk-recheck-w2
swaggerhub.wwwadzapi,api-mod-nsi-3,junk-or-private,junk-confirmed (junk-recheck-w2 2026-08-05): swaggerhub-scratch,2026-08-06,"Only if the vendor demonstrably relaunches a PUBLIC API program: cite live docs URL + successful unauthenticated probe of the docs, and record the revocation in this file and in the curation ledger.",junk-recheck-w2
swaggerhub.xvrbovskym,b-vsa-semestralny-projekt-2,junk-or-private,junk-confirmed (junk-recheck-w2 2026-08-05): swaggerhub-scratch,2026-08-06,"Only if the vendor demonstrably relaunches a PUBLIC API program: cite live docs URL + successful unauthenticated probe of the docs, and record the revocation in this file and in the curation ledger.",junk-recheck-w2
swaggerhub.xvrbovskym,b-vsa-semestralny-projekt-2-correct,junk-or-private,junk-confirmed (junk-recheck-w2 2026-08-05): swaggerhub-scratch,2026-08-06,"Only if the vendor demonstrably relaunches a PUBLIC API program: cite live docs URL + successful unauthenticated probe of the docs, and record the revocation in this file and in the curation ledger.",junk-recheck-w2
swaggerhub.zeyos,api-kickz,junk-or-private,junk-confirmed (junk-recheck-w2 2026-08-05): swaggerhub-scratch,2026-08-06,"Only if the vendor demonstrably relaunches a PUBLIC API program: cite live docs URL + successful unauthenticated probe of the docs, and record the revocation in this file and in the curation ledger.",junk-recheck-w2
swaggerhub.zeyos,api-spontent,junk-or-private,junk-confirmed (junk-recheck-w2 2026-08-05): swaggerhub-scratch,2026-08-06,"Only if the vendor demonstrably relaunches a PUBLIC API program: cite live docs URL + successful unauthenticated probe of the docs, and record the revocation in this file and in the curation ledger.",junk-recheck-w2
swaggerhub.zeyos,api-stockly,junk-or-private,junk-confirmed (junk-recheck-w2 2026-08-05): swaggerhub-scratch,2026-08-06,"Only if the vendor demonstrably relaunches a PUBLIC API program: cite live docs URL + successful unauthenticated probe of the docs, and record the revocation in this file and in the curation ledger.",junk-recheck-w2
swaggerhub.zeyos,api-top4sports,junk-or-private,junk-confirmed (junk-recheck-w2 2026-08-05): swaggerhub-scratch,2026-08-06,"Only if the vendor demonstrably relaunches a PUBLIC API program: cite live docs URL + successful unauthenticated probe of the docs, and record the revocation in this file and in the curation ledger.",junk-recheck-w2
tafqit.herokuapp.com,main,junk-or-private,junk-confirmed (junk-recheck-w2 2026-08-05): heroku-demo,2026-08-06,"Only if the vendor demonstrably relaunches a PUBLIC API program: cite live docs URL + successful unauthenticated probe of the docs, and record the revocation in this file and in the curation ledger.",junk-recheck-w2
trapstreet.com,main,junk-or-private,junk-confirmed (junk-recheck-w2 2026-08-05): defunct-domain-now-apparel,2026-08-06,"Only if the vendor demonstrably relaunches a PUBLIC API program: cite live docs URL + successful unauthenticated probe of the docs, and record the revocation in this file and in the curation ledger.",junk-recheck-w2
truesight.local,main,junk-or-private,junk-confirmed (junk-recheck-w2 2026-08-05): local-host,2026-08-06,"Only if the vendor demonstrably relaunches a PUBLIC API program: cite live docs URL + successful unauthenticated probe of the docs, and record the revocation in this file and in the curation ledger.",junk-recheck-w2
twinehealth.com,main,junk-or-private,"private-confirmed (junk-recheck-w2 2026-08-05): acquired by Fitbit/Google, enterprise-only no public self-serve API",2026-08-06,"Only if the vendor demonstrably relaunches a PUBLIC API program: cite live docs URL + successful unauthenticated probe of the docs, and record the revocation in this file and in the curation ledger.",junk-recheck-w2
vmware.local,vrni,junk-or-private,junk-confirmed (junk-recheck-w2 2026-08-05): local-host,2026-08-06,"Only if the vendor demonstrably relaunches a PUBLIC API program: cite live docs URL + successful unauthenticated probe of the docs, and record the revocation in this file and in the curation ledger.",junk-recheck-w2
vtex.local,Catalog-API,junk-or-private,junk-confirmed (junk-recheck-w2 2026-08-05): local-host,2026-08-06,"Only if the vendor demonstrably relaunches a PUBLIC API program: cite live docs URL + successful unauthenticated probe of the docs, and record the revocation in this file and in the curation ledger.",junk-recheck-w2
vtex.local,Catalog-API-Seller-Portal,junk-or-private,junk-confirmed (junk-recheck-w2 2026-08-05): local-host,2026-08-06,"Only if the vendor demonstrably relaunches a PUBLIC API program: cite live docs URL + successful unauthenticated probe of the docs, and record the revocation in this file and in the curation ledger.",junk-recheck-w2
vtex.local,Checkout-API,junk-or-private,junk-confirmed (junk-recheck-w2 2026-08-05): local-host,2026-08-06,"Only if the vendor demonstrably relaunches a PUBLIC API program: cite live docs URL + successful unauthenticated probe of the docs, and record the revocation in this file and in the curation ledger.",junk-recheck-w2
vtex.local,Customer-Credit-API,junk-or-private,junk-confirmed (junk-recheck-w2 2026-08-05): local-host,2026-08-06,"Only if the vendor demonstrably relaunches a PUBLIC API program: cite live docs URL + successful unauthenticated probe of the docs, and record the revocation in this file and in the curation ledger.",junk-recheck-w2
vtex.local,GiftCard-Hub-API,junk-or-private,junk-confirmed (junk-recheck-w2 2026-08-05): local-host,2026-08-06,"Only if the vendor demonstrably relaunches a PUBLIC API program: cite live docs URL + successful unauthenticated probe of the docs, and record the revocation in this file and in the curation ledger.",junk-recheck-w2
vtex.local,Giftcard-API,junk-or-private,junk-confirmed (junk-recheck-w2 2026-08-05): local-host,2026-08-06,"Only if the vendor demonstrably relaunches a PUBLIC API program: cite live docs URL + successful unauthenticated probe of the docs, and record the revocation in this file and in the curation ledger.",junk-recheck-w2
vtex.local,Headless-CMS-API,junk-or-private,junk-confirmed (junk-recheck-w2 2026-08-05): local-host,2026-08-06,"Only if the vendor demonstrably relaunches a PUBLIC API program: cite live docs URL + successful unauthenticated probe of the docs, and record the revocation in this file and in the curation ledger.",junk-recheck-w2
vtex.local,Intelligent-Search-API,junk-or-private,junk-confirmed (junk-recheck-w2 2026-08-05): local-host,2026-08-06,"Only if the vendor demonstrably relaunches a PUBLIC API program: cite live docs URL + successful unauthenticated probe of the docs, and record the revocation in this file and in the curation ledger.",junk-recheck-w2
vtex.local,License-Manager-API,junk-or-private,junk-confirmed (junk-recheck-w2 2026-08-05): local-host,2026-08-06,"Only if the vendor demonstrably relaunches a PUBLIC API program: cite live docs URL + successful unauthenticated probe of the docs, and record the revocation in this file and in the curation ledger.",junk-recheck-w2
vtex.local,Logistics-API,junk-or-private,junk-confirmed (junk-recheck-w2 2026-08-05): local-host,2026-08-06,"Only if the vendor demonstrably relaunches a PUBLIC API program: cite live docs URL + successful unauthenticated probe of the docs, and record the revocation in this file and in the curation ledger.",junk-recheck-w2
vtex.local,Marketplace-APIs,junk-or-private,junk-confirmed (junk-recheck-w2 2026-08-05): local-host,2026-08-06,"Only if the vendor demonstrably relaunches a PUBLIC API program: cite live docs URL + successful unauthenticated probe of the docs, and record the revocation in this file and in the curation ledger.",junk-recheck-w2
vtex.local,Marketplace-APIs-,junk-or-private,junk-confirmed (junk-recheck-w2 2026-08-05): local-host,2026-08-06,"Only if the vendor demonstrably relaunches a PUBLIC API program: cite live docs URL + successful unauthenticated probe of the docs, and record the revocation in this file and in the curation ledger.",junk-recheck-w2
vtex.local,Master-Data-API-,junk-or-private,junk-confirmed (junk-recheck-w2 2026-08-05): local-host,2026-08-06,"Only if the vendor demonstrably relaunches a PUBLIC API program: cite live docs URL + successful unauthenticated probe of the docs, and record the revocation in this file and in the curation ledger.",junk-recheck-w2
vtex.local,MasterData-API-,junk-or-private,junk-confirmed (junk-recheck-w2 2026-08-05): local-host,2026-08-06,"Only if the vendor demonstrably relaunches a PUBLIC API program: cite live docs URL + successful unauthenticated probe of the docs, and record the revocation in this file and in the curation ledger.",junk-recheck-w2
vtex.local,Message-Center-API,junk-or-private,junk-confirmed (junk-recheck-w2 2026-08-05): local-host,2026-08-06,"Only if the vendor demonstrably relaunches a PUBLIC API program: cite live docs URL + successful unauthenticated probe of the docs, and record the revocation in this file and in the curation ledger.",junk-recheck-w2
vtex.local,Orders-API,junk-or-private,junk-confirmed (junk-recheck-w2 2026-08-05): local-host,2026-08-06,"Only if the vendor demonstrably relaunches a PUBLIC API program: cite live docs URL + successful unauthenticated probe of the docs, and record the revocation in this file and in the curation ledger.",junk-recheck-w2
vtex.local,Policies-System-API,junk-or-private,junk-confirmed (junk-recheck-w2 2026-08-05): local-host,2026-08-06,"Only if the vendor demonstrably relaunches a PUBLIC API program: cite live docs URL + successful unauthenticated probe of the docs, and record the revocation in this file and in the curation ledger.",junk-recheck-w2
vtex.local,Pricing-API,junk-or-private,junk-confirmed (junk-recheck-w2 2026-08-05): local-host,2026-08-06,"Only if the vendor demonstrably relaunches a PUBLIC API program: cite live docs URL + successful unauthenticated probe of the docs, and record the revocation in this file and in the curation ledger.",junk-recheck-w2
vtex.local,Pricing-Hub,junk-or-private,junk-confirmed (junk-recheck-w2 2026-08-05): local-host,2026-08-06,"Only if the vendor demonstrably relaunches a PUBLIC API program: cite live docs URL + successful unauthenticated probe of the docs, and record the revocation in this file and in the curation ledger.",junk-recheck-w2
vtex.local,Profile-System,junk-or-private,junk-confirmed (junk-recheck-w2 2026-08-05): local-host,2026-08-06,"Only if the vendor demonstrably relaunches a PUBLIC API program: cite live docs URL + successful unauthenticated probe of the docs, and record the revocation in this file and in the curation ledger.",junk-recheck-w2
vtex.local,Promotions-,junk-or-private,junk-confirmed (junk-recheck-w2 2026-08-05): local-host,2026-08-06,"Only if the vendor demonstrably relaunches a PUBLIC API program: cite live docs URL + successful unauthenticated probe of the docs, and record the revocation in this file and in the curation ledger.",junk-recheck-w2
vtex.local,Reviews-and-Ratings-API,junk-or-private,junk-confirmed (junk-recheck-w2 2026-08-05): local-host,2026-08-06,"Only if the vendor demonstrably relaunches a PUBLIC API program: cite live docs URL + successful unauthenticated probe of the docs, and record the revocation in this file and in the curation ledger.",junk-recheck-w2
vtex.local,SKU-Bindings-API,junk-or-private,junk-confirmed (junk-recheck-w2 2026-08-05): local-host,2026-08-06,"Only if the vendor demonstrably relaunches a PUBLIC API program: cite live docs URL + successful unauthenticated probe of the docs, and record the revocation in this file and in the curation ledger.",junk-recheck-w2
vtex.local,Search-API,junk-or-private,junk-confirmed (junk-recheck-w2 2026-08-05): local-host,2026-08-06,"Only if the vendor demonstrably relaunches a PUBLIC API program: cite live docs URL + successful unauthenticated probe of the docs, and record the revocation in this file and in the curation ledger.",junk-recheck-w2
vtex.local,Session-Manager-API,junk-or-private,junk-confirmed (junk-recheck-w2 2026-08-05): local-host,2026-08-06,"Only if the vendor demonstrably relaunches a PUBLIC API program: cite live docs URL + successful unauthenticated probe of the docs, and record the revocation in this file and in the curation ledger.",junk-recheck-w2
vtex.local,VTEX-Do-API,junk-or-private,junk-confirmed (junk-recheck-w2 2026-08-05): local-host,2026-08-06,"Only if the vendor demonstrably relaunches a PUBLIC API program: cite live docs URL + successful unauthenticated probe of the docs, and record the revocation in this file and in the curation ledger.",junk-recheck-w2
wyjyt-geo-calculate.azurewebsites.net,main,junk-or-private,junk-confirmed (junk-recheck-w2 2026-08-05): azurewebsites-test-app,2026-08-06,"Only if the vendor demonstrably relaunches a PUBLIC API program: cite live docs URL + successful unauthenticated probe of the docs, and record the revocation in this file and in the curation ledger.",junk-recheck-w2
{server}.taxicrm.ru,main,junk-or-private,junk-confirmed (junk-recheck-w2 2026-08-05): template-placeholder-host,2026-08-06,"Only if the vendor demonstrably relaunches a PUBLIC API program: cite live docs URL + successful unauthenticated probe of the docs, and record the revocation in this file and in the curation ledger.",junk-recheck-w2
